pays;source_officielle;annee_reference;sexe;age;esperance_vie_restante;date_publication_source;actif;‚ge actuel
LU;STATEC;1901;F;1;58.90;01.01.2024;True;
LU;STATEC;1901;F;2;44.60;01.01.2024;True;
LU;STATEC;1901;F;3;26.50;01.01.2024;True;
LU;STATEC;1901;F;4;17.80;01.01.2024;True;
LU;STATEC;1901;F;5;10.00;01.01.2024;True;
LU;STATEC;1901;F;6;76.90;01.01.2024;True;
LU;STATEC;1901;M;1;54.80;01.01.2024;True;
LU;STATEC;1901;M;2;41.10;01.01.2024;True;
LU;STATEC;1901;M;3;23.40;01.01.2024;True;
LU;STATEC;1901;M;4;15.30;01.01.2024;True;
LU;STATEC;1902;F;1;59.05;01.01.2024;True;
LU;STATEC;1902;F;2;44.75;01.01.2024;True;
LU;STATEC;1902;F;3;26.65;01.01.2024;True;
LU;STATEC;1902;F;4;17.95;01.01.2024;True;
LU;STATEC;1902;F;5;Okt 15;01.01.2024;True;
LU;STATEC;1902;F;6;77.05;01.01.2024;True;
LU;STATEC;1902;M;1;54.95;01.01.2024;True;
LU;STATEC;1902;M;2;41.25;01.01.2024;True;
LU;STATEC;1902;M;3;23.55;01.01.2024;True;
LU;STATEC;1902;M;4;15.45;01.01.2024;True;
LU;STATEC;1903;F;1;59.20;01.01.2024;True;
LU;STATEC;1903;F;2;44.90;01.01.2024;True;
LU;STATEC;1903;F;3;26.80;01.01.2024;True;
LU;STATEC;1903;F;4;18. Okt;01.01.2024;True;
LU;STATEC;1903;F;5;Okt 30;01.01.2024;True;
LU;STATEC;1903;F;6;77.20;01.01.2024;True;
LU;STATEC;1903;M;1;55.10;01.01.2024;True;
LU;STATEC;1903;M;2;41.40;01.01.2024;True;
LU;STATEC;1903;M;3;23.70;01.01.2024;True;
LU;STATEC;1903;M;4;15.60;01.01.2024;True;
LU;STATEC;1904;F;1;59.35;01.01.2024;True;
LU;STATEC;1904;F;2;45.05;01.01.2024;True;
LU;STATEC;1904;F;3;26.95;01.01.2024;True;
LU;STATEC;1904;F;4;18.25;01.01.2024;True;
LU;STATEC;1904;F;5;Okt 45;01.01.2024;True;
LU;STATEC;1904;F;6;77.35;01.01.2024;True;
LU;STATEC;1904;M;1;55.25;01.01.2024;True;
LU;STATEC;1904;M;2;41.55;01.01.2024;True;
LU;STATEC;1904;M;3;23.85;01.01.2024;True;
LU;STATEC;1904;M;4;15.75;01.01.2024;True;
LU;STATEC;1905;F;1;59.50;01.01.2024;True;
LU;STATEC;1905;F;2;45.20;01.01.2024;True;
LU;STATEC;1905;F;3;27. Okt;01.01.2024;True;
LU;STATEC;1905;F;4;18.40;01.01.2024;True;
LU;STATEC;1905;F;5;Okt 60;01.01.2024;True;
LU;STATEC;1905;F;6;77.50;01.01.2024;True;
LU;STATEC;1905;M;1;55.40;01.01.2024;True;
LU;STATEC;1905;M;2;41.70;01.01.2024;True;
LU;STATEC;1905;M;3;24.00;01.01.2024;True;
LU;STATEC;1905;M;4;15.90;01.01.2024;True;
LU;STATEC;1906;F;1;59.65;01.01.2024;True;
LU;STATEC;1906;F;2;45.35;01.01.2024;True;
LU;STATEC;1906;F;3;27.25;01.01.2024;True;
LU;STATEC;1906;F;4;18.55;01.01.2024;True;
LU;STATEC;1906;F;5;Okt 75;01.01.2024;True;
LU;STATEC;1906;F;6;77.65;01.01.2024;True;
LU;STATEC;1906;M;1;55.55;01.01.2024;True;
LU;STATEC;1906;M;2;41.85;01.01.2024;True;
LU;STATEC;1906;M;3;24.15;01.01.2024;True;
LU;STATEC;1906;M;4;16. Mai;01.01.2024;True;
LU;STATEC;1907;F;1;59.80;01.01.2024;True;
LU;STATEC;1907;F;2;45.50;01.01.2024;True;
LU;STATEC;1907;F;3;27.40;01.01.2024;True;
LU;STATEC;1907;F;4;18.70;01.01.2024;True;
LU;STATEC;1907;F;5;Okt 90;01.01.2024;True;
LU;STATEC;1907;F;6;77.80;01.01.2024;True;
LU;STATEC;1907;M;1;55.70;01.01.2024;True;
LU;STATEC;1907;M;2;42.00;01.01.2024;True;
LU;STATEC;1907;M;3;24.30;01.01.2024;True;
LU;STATEC;1907;M;4;16.20;01.01.2024;True;
LU;STATEC;1908;F;1;59.95;01.01.2024;True;
LU;STATEC;1908;F;2;45.65;01.01.2024;True;
LU;STATEC;1908;F;3;27.55;01.01.2024;True;
LU;STATEC;1908;F;4;18.85;01.01.2024;True;
LU;STATEC;1908;F;5;11. Mai;01.01.2024;True;
LU;STATEC;1908;F;6;77.95;01.01.2024;True;
LU;STATEC;1908;M;1;55.85;01.01.2024;True;
LU;STATEC;1908;M;2;42.15;01.01.2024;True;
LU;STATEC;1908;M;3;24.45;01.01.2024;True;
LU;STATEC;1908;M;4;16.35;01.01.2024;True;
LU;STATEC;1909;F;1;60.10;01.01.2024;True;
LU;STATEC;1909;F;2;45.80;01.01.2024;True;
LU;STATEC;1909;F;3;27.70;01.01.2024;True;
LU;STATEC;1909;F;4;19.00;01.01.2024;True;
LU;STATEC;1909;F;5;Nov 20;01.01.2024;True;
LU;STATEC;1909;F;6;78.10;01.01.2024;True;
LU;STATEC;1909;M;1;56.00;01.01.2024;True;
LU;STATEC;1909;M;2;42.30;01.01.2024;True;
LU;STATEC;1909;M;3;24.60;01.01.2024;True;
LU;STATEC;1909;M;4;16.50;01.01.2024;True;
LU;STATEC;1910;F;1;60.25;01.01.2024;True;
LU;STATEC;1910;F;2;45.95;01.01.2024;True;
LU;STATEC;1910;F;3;27.85;01.01.2024;True;
LU;STATEC;1910;F;4;19.15;01.01.2024;True;
LU;STATEC;1910;F;5;Nov 35;01.01.2024;True;
LU;STATEC;1910;F;6;78.25;01.01.2024;True;
LU;STATEC;1910;M;1;56.15;01.01.2024;True;
LU;STATEC;1910;M;2;42.45;01.01.2024;True;
LU;STATEC;1910;M;3;24.75;01.01.2024;True;
LU;STATEC;1910;M;4;16.65;01.01.2024;True;
LU;STATEC;1911;F;1;60.40;01.01.2024;True;
LU;STATEC;1911;F;2;46.10;01.01.2024;True;
LU;STATEC;1911;F;3;28.00;01.01.2024;True;
LU;STATEC;1911;F;4;19.30;01.01.2024;True;
LU;STATEC;1911;F;5;Nov 50;01.01.2024;True;
LU;STATEC;1911;F;6;78.40;01.01.2024;True;
LU;STATEC;1911;M;1;56.30;01.01.2024;True;
LU;STATEC;1911;M;2;42.60;01.01.2024;True;
LU;STATEC;1911;M;3;24.90;01.01.2024;True;
LU;STATEC;1911;M;4;16.80;01.01.2024;True;
LU;STATEC;1912;F;1;60.55;01.01.2024;True;
LU;STATEC;1912;F;2;46.25;01.01.2024;True;
LU;STATEC;1912;F;3;28.15;01.01.2024;True;
LU;STATEC;1912;F;4;19.45;01.01.2024;True;
LU;STATEC;1912;F;5;Nov 65;01.01.2024;True;
LU;STATEC;1912;F;6;78.55;01.01.2024;True;
LU;STATEC;1912;M;1;56.45;01.01.2024;True;
LU;STATEC;1912;M;2;42.75;01.01.2024;True;
LU;STATEC;1912;M;3;25. Mai;01.01.2024;True;
LU;STATEC;1912;M;4;16.95;01.01.2024;True;
LU;STATEC;1913;F;1;60.70;01.01.2024;True;
LU;STATEC;1913;F;2;46.40;01.01.2024;True;
LU;STATEC;1913;F;3;28.30;01.01.2024;True;
LU;STATEC;1913;F;4;19.60;01.01.2024;True;
LU;STATEC;1913;F;5;Nov 80;01.01.2024;True;
LU;STATEC;1913;F;6;78.70;01.01.2024;True;
LU;STATEC;1913;M;1;56.60;01.01.2024;True;
LU;STATEC;1913;M;2;42.90;01.01.2024;True;
LU;STATEC;1913;M;3;25.20;01.01.2024;True;
LU;STATEC;1913;M;4;17. Okt;01.01.2024;True;
LU;STATEC;1914;F;1;60.85;01.01.2024;True;
LU;STATEC;1914;F;2;46.55;01.01.2024;True;
LU;STATEC;1914;F;3;28.45;01.01.2024;True;
LU;STATEC;1914;F;4;19.75;01.01.2024;True;
LU;STATEC;1914;F;5;Nov 95;01.01.2024;True;
LU;STATEC;1914;F;6;78.85;01.01.2024;True;
LU;STATEC;1914;M;1;56.75;01.01.2024;True;
LU;STATEC;1914;M;2;43.05;01.01.2024;True;
LU;STATEC;1914;M;3;25.35;01.01.2024;True;
LU;STATEC;1914;M;4;17.25;01.01.2024;True;
LU;STATEC;1915;F;1;61.00;01.01.2024;True;
LU;STATEC;1915;F;2;46.70;01.01.2024;True;
LU;STATEC;1915;F;3;28.60;01.01.2024;True;
LU;STATEC;1915;F;4;19.90;01.01.2024;True;
LU;STATEC;1915;F;5;12. Okt;01.01.2024;True;
LU;STATEC;1915;F;6;79.00;01.01.2024;True;
LU;STATEC;1915;M;1;56.90;01.01.2024;True;
LU;STATEC;1915;M;2;43.20;01.01.2024;True;
LU;STATEC;1915;M;3;25.50;01.01.2024;True;
LU;STATEC;1915;M;4;17.40;01.01.2024;True;
LU;STATEC;1916;F;1;61.15;01.01.2024;True;
LU;STATEC;1916;F;2;46.85;01.01.2024;True;
LU;STATEC;1916;F;3;28.75;01.01.2024;True;
LU;STATEC;1916;F;4;20. Mai;01.01.2024;True;
LU;STATEC;1916;F;5;Dez 25;01.01.2024;True;
LU;STATEC;1916;F;6;79.15;01.01.2024;True;
LU;STATEC;1916;M;1;57.05;01.01.2024;True;
LU;STATEC;1916;M;2;43.35;01.01.2024;True;
LU;STATEC;1916;M;3;25.65;01.01.2024;True;
LU;STATEC;1916;M;4;17.55;01.01.2024;True;
LU;STATEC;1917;F;1;61.30;01.01.2024;True;
LU;STATEC;1917;F;2;47.00;01.01.2024;True;
LU;STATEC;1917;F;3;28.90;01.01.2024;True;
LU;STATEC;1917;F;4;20.20;01.01.2024;True;
LU;STATEC;1917;F;5;Dez 40;01.01.2024;True;
LU;STATEC;1917;F;6;79.30;01.01.2024;True;
LU;STATEC;1917;M;1;57.20;01.01.2024;True;
LU;STATEC;1917;M;2;43.50;01.01.2024;True;
LU;STATEC;1917;M;3;25.80;01.01.2024;True;
LU;STATEC;1917;M;4;17.70;01.01.2024;True;
LU;STATEC;1918;F;1;61.45;01.01.2024;True;
LU;STATEC;1918;F;2;47.15;01.01.2024;True;
LU;STATEC;1918;F;3;29. Mai;01.01.2024;True;
LU;STATEC;1918;F;4;20.35;01.01.2024;True;
LU;STATEC;1918;F;5;Dez 55;01.01.2024;True;
LU;STATEC;1918;F;6;79.45;01.01.2024;True;
LU;STATEC;1918;M;1;57.35;01.01.2024;True;
LU;STATEC;1918;M;2;43.65;01.01.2024;True;
LU;STATEC;1918;M;3;25.95;01.01.2024;True;
LU;STATEC;1918;M;4;17.85;01.01.2024;True;
LU;STATEC;1919;F;1;61.60;01.01.2024;True;
LU;STATEC;1919;F;2;47.30;01.01.2024;True;
LU;STATEC;1919;F;3;29.20;01.01.2024;True;
LU;STATEC;1919;F;4;20.50;01.01.2024;True;
LU;STATEC;1919;F;5;Dez 70;01.01.2024;True;
LU;STATEC;1919;F;6;79.60;01.01.2024;True;
LU;STATEC;1919;M;1;57.50;01.01.2024;True;
LU;STATEC;1919;M;2;43.80;01.01.2024;True;
LU;STATEC;1919;M;3;26. Okt;01.01.2024;True;
LU;STATEC;1919;M;4;18.00;01.01.2024;True;
LU;STATEC;1920;F;1;61.75;01.01.2024;True;
LU;STATEC;1920;F;2;47.45;01.01.2024;True;
LU;STATEC;1920;F;3;29.35;01.01.2024;True;
LU;STATEC;1920;F;4;20.65;01.01.2024;True;
LU;STATEC;1920;F;5;Dez 85;01.01.2024;True;
LU;STATEC;1920;F;6;79.75;01.01.2024;True;
LU;STATEC;1920;M;1;57.65;01.01.2024;True;
LU;STATEC;1920;M;2;43.95;01.01.2024;True;
LU;STATEC;1920;M;3;26.25;01.01.2024;True;
LU;STATEC;1920;M;4;18.15;01.01.2024;True;
LU;STATEC;1921;F;1;61.90;01.01.2024;True;
LU;STATEC;1921;F;2;47.60;01.01.2024;True;
LU;STATEC;1921;F;3;29.50;01.01.2024;True;
LU;STATEC;1921;F;4;20.80;01.01.2024;True;
LU;STATEC;1921;F;5;13.00;01.01.2024;True;
LU;STATEC;1921;F;6;79.90;01.01.2024;True;
LU;STATEC;1921;M;1;57.80;01.01.2024;True;
LU;STATEC;1921;M;2;44.10;01.01.2024;True;
LU;STATEC;1921;M;3;26.40;01.01.2024;True;
LU;STATEC;1921;M;4;18.30;01.01.2024;True;
LU;STATEC;1922;F;1;62.05;01.01.2024;True;
LU;STATEC;1922;F;2;47.75;01.01.2024;True;
LU;STATEC;1922;F;3;29.65;01.01.2024;True;
LU;STATEC;1922;F;4;20.95;01.01.2024;True;
LU;STATEC;1922;F;5;13.15;01.01.2024;True;
LU;STATEC;1922;F;6;80.05;01.01.2024;True;
LU;STATEC;1922;M;1;57.95;01.01.2024;True;
LU;STATEC;1922;M;2;44.25;01.01.2024;True;
LU;STATEC;1922;M;3;26.55;01.01.2024;True;
LU;STATEC;1922;M;4;18.45;01.01.2024;True;
LU;STATEC;1923;F;1;62.20;01.01.2024;True;
LU;STATEC;1923;F;2;47.90;01.01.2024;True;
LU;STATEC;1923;F;3;29.80;01.01.2024;True;
LU;STATEC;1923;F;4;21. Okt;01.01.2024;True;
LU;STATEC;1923;F;5;13.30;01.01.2024;True;
LU;STATEC;1923;F;6;80.20;01.01.2024;True;
LU;STATEC;1923;M;1;58.10;01.01.2024;True;
LU;STATEC;1923;M;2;44.40;01.01.2024;True;
LU;STATEC;1923;M;3;26.70;01.01.2024;True;
LU;STATEC;1923;M;4;18.60;01.01.2024;True;
LU;STATEC;1924;F;1;62.35;01.01.2024;True;
LU;STATEC;1924;F;2;48.05;01.01.2024;True;
LU;STATEC;1924;F;3;29.95;01.01.2024;True;
LU;STATEC;1924;F;4;21.25;01.01.2024;True;
LU;STATEC;1924;F;5;13.45;01.01.2024;True;
LU;STATEC;1924;F;6;80.35;01.01.2024;True;
LU;STATEC;1924;M;1;58.25;01.01.2024;True;
LU;STATEC;1924;M;2;44.55;01.01.2024;True;
LU;STATEC;1924;M;3;26.85;01.01.2024;True;
LU;STATEC;1924;M;4;18.75;01.01.2024;True;
LU;STATEC;1925;F;1;62.50;01.01.2024;True;
LU;STATEC;1925;F;2;48.20;01.01.2024;True;
LU;STATEC;1925;F;3;30. Okt;01.01.2024;True;
LU;STATEC;1925;F;4;21.40;01.01.2024;True;
LU;STATEC;1925;F;5;13.60;01.01.2024;True;
LU;STATEC;1925;F;6;80.50;01.01.2024;True;
LU;STATEC;1925;M;1;58.40;01.01.2024;True;
LU;STATEC;1925;M;2;44.70;01.01.2024;True;
LU;STATEC;1925;M;3;27.00;01.01.2024;True;
LU;STATEC;1925;M;4;18.90;01.01.2024;True;
LU;STATEC;1926;F;1;62.65;01.01.2024;True;
LU;STATEC;1926;F;2;48.35;01.01.2024;True;
LU;STATEC;1926;F;3;30.25;01.01.2024;True;
LU;STATEC;1926;F;4;21.55;01.01.2024;True;
LU;STATEC;1926;F;5;13.75;01.01.2024;True;
LU;STATEC;1926;F;6;80.65;01.01.2024;True;
LU;STATEC;1926;M;1;58.55;01.01.2024;True;
LU;STATEC;1926;M;2;44.85;01.01.2024;True;
LU;STATEC;1926;M;3;27.15;01.01.2024;True;
LU;STATEC;1926;M;4;19. Mai;01.01.2024;True;
LU;STATEC;1927;F;1;62.80;01.01.2024;True;
LU;STATEC;1927;F;2;48.50;01.01.2024;True;
LU;STATEC;1927;F;3;30.40;01.01.2024;True;
LU;STATEC;1927;F;4;21.70;01.01.2024;True;
LU;STATEC;1927;F;5;13.90;01.01.2024;True;
LU;STATEC;1927;F;6;80.80;01.01.2024;True;
LU;STATEC;1927;M;1;58.70;01.01.2024;True;
LU;STATEC;1927;M;2;45.00;01.01.2024;True;
LU;STATEC;1927;M;3;27.30;01.01.2024;True;
LU;STATEC;1927;M;4;19.20;01.01.2024;True;
LU;STATEC;1928;F;1;62.95;01.01.2024;True;
LU;STATEC;1928;F;2;48.65;01.01.2024;True;
LU;STATEC;1928;F;3;30.55;01.01.2024;True;
LU;STATEC;1928;F;4;21.85;01.01.2024;True;
LU;STATEC;1928;F;5;14. Mai;01.01.2024;True;
LU;STATEC;1928;F;6;80.95;01.01.2024;True;
LU;STATEC;1928;M;1;58.85;01.01.2024;True;
LU;STATEC;1928;M;2;45.15;01.01.2024;True;
LU;STATEC;1928;M;3;27.45;01.01.2024;True;
LU;STATEC;1928;M;4;19.35;01.01.2024;True;
LU;STATEC;1929;F;1;63.10;01.01.2024;True;
LU;STATEC;1929;F;2;48.80;01.01.2024;True;
LU;STATEC;1929;F;3;30.70;01.01.2024;True;
LU;STATEC;1929;F;4;22.00;01.01.2024;True;
LU;STATEC;1929;F;5;14.20;01.01.2024;True;
LU;STATEC;1929;F;6;81.10;01.01.2024;True;
LU;STATEC;1929;M;1;59.00;01.01.2024;True;
LU;STATEC;1929;M;2;45.30;01.01.2024;True;
LU;STATEC;1929;M;3;27.60;01.01.2024;True;
LU;STATEC;1929;M;4;19.50;01.01.2024;True;
LU;STATEC;1930;F;1;63.25;01.01.2024;True;
LU;STATEC;1930;F;2;48.95;01.01.2024;True;
LU;STATEC;1930;F;3;30.85;01.01.2024;True;
LU;STATEC;1930;F;4;22.15;01.01.2024;True;
LU;STATEC;1930;F;5;14.35;01.01.2024;True;
LU;STATEC;1930;F;6;81.25;01.01.2024;True;
LU;STATEC;1930;M;1;59.15;01.01.2024;True;
LU;STATEC;1930;M;2;45.45;01.01.2024;True;
LU;STATEC;1930;M;3;27.75;01.01.2024;True;
LU;STATEC;1930;M;4;19.65;01.01.2024;True;
LU;STATEC;1931;F;1;63.40;01.01.2024;True;
LU;STATEC;1931;F;2;49.10;01.01.2024;True;
LU;STATEC;1931;F;3;31.00;01.01.2024;True;
LU;STATEC;1931;F;4;22.30;01.01.2024;True;
LU;STATEC;1931;F;5;14.50;01.01.2024;True;
LU;STATEC;1931;F;6;81.40;01.01.2024;True;
LU;STATEC;1931;M;1;59.30;01.01.2024;True;
LU;STATEC;1931;M;2;45.60;01.01.2024;True;
LU;STATEC;1931;M;3;27.90;01.01.2024;True;
LU;STATEC;1931;M;4;19.80;01.01.2024;True;
LU;STATEC;1932;F;1;63.55;01.01.2024;True;
LU;STATEC;1932;F;2;49.25;01.01.2024;True;
LU;STATEC;1932;F;3;31.15;01.01.2024;True;
LU;STATEC;1932;F;4;22.45;01.01.2024;True;
LU;STATEC;1932;F;5;14.65;01.01.2024;True;
LU;STATEC;1932;F;6;81.55;01.01.2024;True;
LU;STATEC;1932;M;1;59.45;01.01.2024;True;
LU;STATEC;1932;M;2;45.75;01.01.2024;True;
LU;STATEC;1932;M;3;28. Mai;01.01.2024;True;
LU;STATEC;1932;M;4;19.95;01.01.2024;True;
LU;STATEC;1933;F;1;63.70;01.01.2024;True;
LU;STATEC;1933;F;2;49.40;01.01.2024;True;
LU;STATEC;1933;F;3;31.30;01.01.2024;True;
LU;STATEC;1933;F;4;22.60;01.01.2024;True;
LU;STATEC;1933;F;5;14.80;01.01.2024;True;
LU;STATEC;1933;F;6;81.70;01.01.2024;True;
LU;STATEC;1933;M;1;59.60;01.01.2024;True;
LU;STATEC;1933;M;2;45.90;01.01.2024;True;
LU;STATEC;1933;M;3;28.20;01.01.2024;True;
LU;STATEC;1933;M;4;20. Okt;01.01.2024;True;
LU;STATEC;1934;F;1;63.85;01.01.2024;True;
LU;STATEC;1934;F;2;49.55;01.01.2024;True;
LU;STATEC;1934;F;3;31.45;01.01.2024;True;
LU;STATEC;1934;F;4;22.75;01.01.2024;True;
LU;STATEC;1934;F;5;14.95;01.01.2024;True;
LU;STATEC;1934;F;6;81.85;01.01.2024;True;
LU;STATEC;1934;M;1;59.75;01.01.2024;True;
LU;STATEC;1934;M;2;46.05;01.01.2024;True;
LU;STATEC;1934;M;3;28.35;01.01.2024;True;
LU;STATEC;1934;M;4;20.25;01.01.2024;True;
LU;STATEC;1935;F;1;64.00;01.01.2024;True;
LU;STATEC;1935;F;2;49.70;01.01.2024;True;
LU;STATEC;1935;F;3;31.60;01.01.2024;True;
LU;STATEC;1935;F;4;22.90;01.01.2024;True;
LU;STATEC;1935;F;5;15. Okt;01.01.2024;True;
LU;STATEC;1935;F;6;82.00;01.01.2024;True;
LU;STATEC;1935;M;1;59.90;01.01.2024;True;
LU;STATEC;1935;M;2;46.20;01.01.2024;True;
LU;STATEC;1935;M;3;28.50;01.01.2024;True;
LU;STATEC;1935;M;4;20.40;01.01.2024;True;
LU;STATEC;1936;F;1;64.15;01.01.2024;True;
LU;STATEC;1936;F;2;49.85;01.01.2024;True;
LU;STATEC;1936;F;3;31.75;01.01.2024;True;
LU;STATEC;1936;F;4;23. Mai;01.01.2024;True;
LU;STATEC;1936;F;5;15.25;01.01.2024;True;
LU;STATEC;1936;F;6;82.15;01.01.2024;True;
LU;STATEC;1936;M;1;60.05;01.01.2024;True;
LU;STATEC;1936;M;2;46.35;01.01.2024;True;
LU;STATEC;1936;M;3;28.65;01.01.2024;True;
LU;STATEC;1936;M;4;20.55;01.01.2024;True;
LU;STATEC;1937;F;1;64.30;01.01.2024;True;
LU;STATEC;1937;F;2;50.00;01.01.2024;True;
LU;STATEC;1937;F;3;31.90;01.01.2024;True;
LU;STATEC;1937;F;4;23.20;01.01.2024;True;
LU;STATEC;1937;F;5;15.40;01.01.2024;True;
LU;STATEC;1937;F;6;82.30;01.01.2024;True;
LU;STATEC;1937;M;1;60.20;01.01.2024;True;
LU;STATEC;1937;M;2;46.50;01.01.2024;True;
LU;STATEC;1937;M;3;28.80;01.01.2024;True;
LU;STATEC;1937;M;4;20.70;01.01.2024;True;
LU;STATEC;1938;F;1;64.45;01.01.2024;True;
LU;STATEC;1938;F;2;50.15;01.01.2024;True;
LU;STATEC;1938;F;3;32.05;01.01.2024;True;
LU;STATEC;1938;F;4;23.35;01.01.2024;True;
LU;STATEC;1938;F;5;15.55;01.01.2024;True;
LU;STATEC;1938;F;6;82.45;01.01.2024;True;
LU;STATEC;1938;M;1;60.35;01.01.2024;True;
LU;STATEC;1938;M;2;46.65;01.01.2024;True;
LU;STATEC;1938;M;3;28.95;01.01.2024;True;
LU;STATEC;1938;M;4;20.85;01.01.2024;True;
LU;STATEC;1939;F;1;64.60;01.01.2024;True;
LU;STATEC;1939;F;2;50.30;01.01.2024;True;
LU;STATEC;1939;F;3;32.20;01.01.2024;True;
LU;STATEC;1939;F;4;23.50;01.01.2024;True;
LU;STATEC;1939;F;5;15.70;01.01.2024;True;
LU;STATEC;1939;F;6;82.60;01.01.2024;True;
LU;STATEC;1939;M;1;60.50;01.01.2024;True;
LU;STATEC;1939;M;2;46.80;01.01.2024;True;
LU;STATEC;1939;M;3;29. Okt;01.01.2024;True;
LU;STATEC;1939;M;4;21.00;01.01.2024;True;
LU;STATEC;1940;F;1;64.75;01.01.2024;True;
LU;STATEC;1940;F;2;50.45;01.01.2024;True;
LU;STATEC;1940;F;3;32.35;01.01.2024;True;
LU;STATEC;1940;F;4;23.65;01.01.2024;True;
LU;STATEC;1940;F;5;15.85;01.01.2024;True;
LU;STATEC;1940;F;6;82.75;01.01.2024;True;
LU;STATEC;1940;M;1;60.65;01.01.2024;True;
LU;STATEC;1940;M;2;46.95;01.01.2024;True;
LU;STATEC;1940;M;3;29.25;01.01.2024;True;
LU;STATEC;1940;M;4;21.15;01.01.2024;True;
LU;STATEC;1941;F;1;64.90;01.01.2024;True;
LU;STATEC;1941;F;2;50.60;01.01.2024;True;
LU;STATEC;1941;F;3;32.50;01.01.2024;True;
LU;STATEC;1941;F;4;23.80;01.01.2024;True;
LU;STATEC;1941;F;5;16.00;01.01.2024;True;
LU;STATEC;1941;F;6;82.90;01.01.2024;True;
LU;STATEC;1941;M;1;60.80;01.01.2024;True;
LU;STATEC;1941;M;2;47.10;01.01.2024;True;
LU;STATEC;1941;M;3;29.40;01.01.2024;True;
LU;STATEC;1941;M;4;21.30;01.01.2024;True;
LU;STATEC;1942;F;1;65.05;01.01.2024;True;
LU;STATEC;1942;F;2;50.75;01.01.2024;True;
LU;STATEC;1942;F;3;32.65;01.01.2024;True;
LU;STATEC;1942;F;4;23.95;01.01.2024;True;
LU;STATEC;1942;F;5;16.15;01.01.2024;True;
LU;STATEC;1942;F;6;83.05;01.01.2024;True;
LU;STATEC;1942;M;1;60.95;01.01.2024;True;
LU;STATEC;1942;M;2;47.25;01.01.2024;True;
LU;STATEC;1942;M;3;29.55;01.01.2024;True;
LU;STATEC;1942;M;4;21.45;01.01.2024;True;
LU;STATEC;1943;F;1;65.20;01.01.2024;True;
LU;STATEC;1943;F;2;50.90;01.01.2024;True;
LU;STATEC;1943;F;3;32.80;01.01.2024;True;
LU;STATEC;1943;F;4;24. Okt;01.01.2024;True;
LU;STATEC;1943;F;5;16.30;01.01.2024;True;
LU;STATEC;1943;F;6;83.20;01.01.2024;True;
LU;STATEC;1943;M;1;61.10;01.01.2024;True;
LU;STATEC;1943;M;2;47.40;01.01.2024;True;
LU;STATEC;1943;M;3;29.70;01.01.2024;True;
LU;STATEC;1943;M;4;21.60;01.01.2024;True;
LU;STATEC;1944;F;1;65.35;01.01.2024;True;
LU;STATEC;1944;F;2;51.05;01.01.2024;True;
LU;STATEC;1944;F;3;32.95;01.01.2024;True;
LU;STATEC;1944;F;4;24.25;01.01.2024;True;
LU;STATEC;1944;F;5;16.45;01.01.2024;True;
LU;STATEC;1944;F;6;83.35;01.01.2024;True;
LU;STATEC;1944;M;1;61.25;01.01.2024;True;
LU;STATEC;1944;M;2;47.55;01.01.2024;True;
LU;STATEC;1944;M;3;29.85;01.01.2024;True;
LU;STATEC;1944;M;4;21.75;01.01.2024;True;
LU;STATEC;1945;F;1;65.50;01.01.2024;True;
LU;STATEC;1945;F;2;51.20;01.01.2024;True;
LU;STATEC;1945;F;3;33.10;01.01.2024;True;
LU;STATEC;1945;F;4;24.40;01.01.2024;True;
LU;STATEC;1945;F;5;16.60;01.01.2024;True;
LU;STATEC;1945;F;6;83.50;01.01.2024;True;
LU;STATEC;1945;M;1;61.40;01.01.2024;True;
LU;STATEC;1945;M;2;47.70;01.01.2024;True;
LU;STATEC;1945;M;3;30.00;01.01.2024;True;
LU;STATEC;1945;M;4;21.90;01.01.2024;True;
LU;STATEC;1946;F;1;65.65;01.01.2024;True;
LU;STATEC;1946;F;2;51.35;01.01.2024;True;
LU;STATEC;1946;F;3;33.25;01.01.2024;True;
LU;STATEC;1946;F;4;24.55;01.01.2024;True;
LU;STATEC;1946;F;5;16.75;01.01.2024;True;
LU;STATEC;1946;F;6;83.65;01.01.2024;True;
LU;STATEC;1946;M;1;61.55;01.01.2024;True;
LU;STATEC;1946;M;2;47.85;01.01.2024;True;
LU;STATEC;1946;M;3;30.15;01.01.2024;True;
LU;STATEC;1946;M;4;22. Mai;01.01.2024;True;
LU;STATEC;1947;F;1;65.80;01.01.2024;True;
LU;STATEC;1947;F;2;51.50;01.01.2024;True;
LU;STATEC;1947;F;3;33.40;01.01.2024;True;
LU;STATEC;1947;F;4;24.70;01.01.2024;True;
LU;STATEC;1947;F;5;16.90;01.01.2024;True;
LU;STATEC;1947;F;6;83.80;01.01.2024;True;
LU;STATEC;1947;M;1;61.70;01.01.2024;True;
LU;STATEC;1947;M;2;48.00;01.01.2024;True;
LU;STATEC;1947;M;3;30.30;01.01.2024;True;
LU;STATEC;1947;M;4;22.20;01.01.2024;True;
LU;STATEC;1948;F;1;65.80;01.01.2024;True;
LU;STATEC;1948;F;2;51.50;01.01.2024;True;
LU;STATEC;1948;F;3;33.40;01.01.2024;True;
LU;STATEC;1948;F;4;24.70;01.01.2024;True;
LU;STATEC;1948;F;5;16.90;01.01.2024;True;
LU;STATEC;1948;F;6;83.80;01.01.2024;True;
LU;STATEC;1948;M;1;61.70;01.01.2024;True;
LU;STATEC;1948;M;2;48.00;01.01.2024;True;
LU;STATEC;1948;M;3;30.30;01.01.2024;True;
LU;STATEC;1948;M;4;22.20;01.01.2024;True;
LU;STATEC;1949;F;1;65.80;01.01.2024;True;
LU;STATEC;1949;F;2;51.50;01.01.2024;True;
LU;STATEC;1949;F;3;33.40;01.01.2024;True;
LU;STATEC;1949;F;4;24.70;01.01.2024;True;
LU;STATEC;1949;F;5;16.90;01.01.2024;True;
LU;STATEC;1949;F;6;83.80;01.01.2024;True;
LU;STATEC;1949;M;1;61.70;01.01.2024;True;
LU;STATEC;1949;M;2;48.00;01.01.2024;True;
LU;STATEC;1949;M;3;30.30;01.01.2024;True;
LU;STATEC;1949;M;4;22.20;01.01.2024;True;
LU;STATEC;1950;F;1;65.80;01.01.2024;True;
LU;STATEC;1950;F;2;51.50;01.01.2024;True;
LU;STATEC;1950;F;3;33.40;01.01.2024;True;
LU;STATEC;1950;F;4;24.70;01.01.2024;True;
LU;STATEC;1950;F;5;16.90;01.01.2024;True;
LU;STATEC;1950;F;6;83.80;01.01.2024;True;
LU;STATEC;1950;M;1;61.70;01.01.2024;True;
LU;STATEC;1950;M;2;48.00;01.01.2024;True;
LU;STATEC;1950;M;3;30.30;01.01.2024;True;
LU;STATEC;1950;M;4;22.20;01.01.2024;True;
LU;STATEC;1951;F;1;65.80;01.01.2024;True;
LU;STATEC;1951;F;2;51.50;01.01.2024;True;
LU;STATEC;1951;F;3;33.40;01.01.2024;True;
LU;STATEC;1951;F;4;24.70;01.01.2024;True;
LU;STATEC;1951;F;5;16.90;01.01.2024;True;
LU;STATEC;1951;F;6;83.80;01.01.2024;True;
LU;STATEC;1951;M;1;61.70;01.01.2024;True;
LU;STATEC;1951;M;2;48.00;01.01.2024;True;
LU;STATEC;1951;M;3;30.30;01.01.2024;True;
LU;STATEC;1951;M;4;22.20;01.01.2024;True;
LU;STATEC;1952;F;1;65.80;01.01.2024;True;
LU;STATEC;1952;F;2;51.50;01.01.2024;True;
LU;STATEC;1952;F;3;33.40;01.01.2024;True;
LU;STATEC;1952;F;4;24.70;01.01.2024;True;
LU;STATEC;1952;F;5;16.90;01.01.2024;True;
LU;STATEC;1952;F;6;83.80;01.01.2024;True;
LU;STATEC;1952;M;1;61.70;01.01.2024;True;
LU;STATEC;1952;M;2;48.00;01.01.2024;True;
LU;STATEC;1952;M;3;30.30;01.01.2024;True;
LU;STATEC;1952;M;4;22.20;01.01.2024;True;
LU;STATEC;1953;F;1;65.80;01.01.2024;True;
LU;STATEC;1953;F;2;51.50;01.01.2024;True;
LU;STATEC;1953;F;3;33.40;01.01.2024;True;
LU;STATEC;1953;F;4;24.70;01.01.2024;True;
LU;STATEC;1953;F;5;16.90;01.01.2024;True;
LU;STATEC;1953;F;6;83.80;01.01.2024;True;
LU;STATEC;1953;M;1;61.70;01.01.2024;True;
LU;STATEC;1953;M;2;48.00;01.01.2024;True;
LU;STATEC;1953;M;3;30.30;01.01.2024;True;
LU;STATEC;1953;M;4;22.20;01.01.2024;True;
LU;STATEC;1954;F;1;65.80;01.01.2024;True;
LU;STATEC;1954;F;2;51.50;01.01.2024;True;
LU;STATEC;1954;F;3;33.40;01.01.2024;True;
LU;STATEC;1954;F;4;24.70;01.01.2024;True;
LU;STATEC;1954;F;5;16.90;01.01.2024;True;
LU;STATEC;1954;F;6;83.80;01.01.2024;True;
LU;STATEC;1954;M;1;61.70;01.01.2024;True;
LU;STATEC;1954;M;2;48.00;01.01.2024;True;
LU;STATEC;1954;M;3;30.30;01.01.2024;True;
LU;STATEC;1954;M;4;22.20;01.01.2024;True;
LU;STATEC;1955;F;1;65.80;01.01.2024;True;
LU;STATEC;1955;F;2;51.50;01.01.2024;True;
LU;STATEC;1955;F;3;33.40;01.01.2024;True;
LU;STATEC;1955;F;4;24.70;01.01.2024;True;
LU;STATEC;1955;F;5;16.90;01.01.2024;True;
LU;STATEC;1955;F;6;83.80;01.01.2024;True;
LU;STATEC;1955;M;1;61.70;01.01.2024;True;
LU;STATEC;1955;M;2;48.00;01.01.2024;True;
LU;STATEC;1955;M;3;30.30;01.01.2024;True;
LU;STATEC;1955;M;4;22.20;01.01.2024;True;
LU;STATEC;1956;F;1;65.80;01.01.2024;True;
LU;STATEC;1956;F;2;51.50;01.01.2024;True;
LU;STATEC;1956;F;3;33.40;01.01.2024;True;
LU;STATEC;1956;F;4;24.70;01.01.2024;True;
LU;STATEC;1956;F;5;16.90;01.01.2024;True;
LU;STATEC;1956;F;6;83.80;01.01.2024;True;
LU;STATEC;1956;M;1;61.70;01.01.2024;True;
LU;STATEC;1956;M;2;48.00;01.01.2024;True;
LU;STATEC;1956;M;3;30.30;01.01.2024;True;
LU;STATEC;1956;M;4;22.20;01.01.2024;True;
LU;STATEC;1957;F;1;65.80;01.01.2024;True;
LU;STATEC;1957;F;2;51.50;01.01.2024;True;
LU;STATEC;1957;F;3;33.40;01.01.2024;True;
LU;STATEC;1957;F;4;24.70;01.01.2024;True;
LU;STATEC;1957;F;5;16.90;01.01.2024;True;
LU;STATEC;1957;F;6;83.80;01.01.2024;True;
LU;STATEC;1957;M;1;61.70;01.01.2024;True;
LU;STATEC;1957;M;2;48.00;01.01.2024;True;
LU;STATEC;1957;M;3;30.30;01.01.2024;True;
LU;STATEC;1957;M;4;22.20;01.01.2024;True;
LU;STATEC;1958;F;1;65.80;01.01.2024;True;
LU;STATEC;1958;F;2;51.50;01.01.2024;True;
LU;STATEC;1958;F;3;33.40;01.01.2024;True;
LU;STATEC;1958;F;4;24.70;01.01.2024;True;
LU;STATEC;1958;F;5;16.90;01.01.2024;True;
LU;STATEC;1958;F;6;83.80;01.01.2024;True;
LU;STATEC;1958;M;1;61.70;01.01.2024;True;
LU;STATEC;1958;M;2;48.00;01.01.2024;True;
LU;STATEC;1958;M;3;30.30;01.01.2024;True;
LU;STATEC;1958;M;4;22.20;01.01.2024;True;
LU;STATEC;1959;F;1;65.80;01.01.2024;True;
LU;STATEC;1959;F;2;51.50;01.01.2024;True;
LU;STATEC;1959;F;3;33.40;01.01.2024;True;
LU;STATEC;1959;F;4;24.70;01.01.2024;True;
LU;STATEC;1959;F;5;16.90;01.01.2024;True;
LU;STATEC;1959;F;6;83.80;01.01.2024;True;
LU;STATEC;1959;M;1;61.70;01.01.2024;True;
LU;STATEC;1959;M;2;48.00;01.01.2024;True;
LU;STATEC;1959;M;3;30.30;01.01.2024;True;
LU;STATEC;1959;M;4;22.20;01.01.2024;True;
LU;STATEC;1960;F;1;65.80;01.01.2024;True;
LU;STATEC;1960;F;2;51.50;01.01.2024;True;
LU;STATEC;1960;F;3;33.40;01.01.2024;True;
LU;STATEC;1960;F;4;24.70;01.01.2024;True;
LU;STATEC;1960;F;5;16.90;01.01.2024;True;
LU;STATEC;1960;F;6;83.80;01.01.2024;True;
LU;STATEC;1960;M;1;61.70;01.01.2024;True;
LU;STATEC;1960;M;2;48.00;01.01.2024;True;
LU;STATEC;1960;M;3;30.30;01.01.2024;True;
LU;STATEC;1960;M;4;22.20;01.01.2024;True;
LU;STATEC;1961;F;1;65.80;01.01.2024;True;
LU;STATEC;1961;F;2;51.50;01.01.2024;True;
LU;STATEC;1961;F;3;33.40;01.01.2024;True;
LU;STATEC;1961;F;4;24.70;01.01.2024;True;
LU;STATEC;1961;F;5;16.90;01.01.2024;True;
LU;STATEC;1961;F;6;83.80;01.01.2024;True;
LU;STATEC;1961;M;1;61.70;01.01.2024;True;
LU;STATEC;1961;M;2;48.00;01.01.2024;True;
LU;STATEC;1961;M;3;30.30;01.01.2024;True;
LU;STATEC;1961;M;4;22.20;01.01.2024;True;
LU;STATEC;1962;F;1;65.80;01.01.2024;True;
LU;STATEC;1962;F;2;51.50;01.01.2024;True;
LU;STATEC;1962;F;3;33.40;01.01.2024;True;
LU;STATEC;1962;F;4;24.70;01.01.2024;True;
LU;STATEC;1962;F;5;16.90;01.01.2024;True;
LU;STATEC;1962;F;6;83.80;01.01.2024;True;
LU;STATEC;1962;M;1;61.70;01.01.2024;True;
LU;STATEC;1962;M;2;48.00;01.01.2024;True;
LU;STATEC;1962;M;3;30.30;01.01.2024;True;
LU;STATEC;1962;M;4;22.20;01.01.2024;True;
LU;STATEC;1963;F;1;65.80;01.01.2024;True;
LU;STATEC;1963;F;2;51.50;01.01.2024;True;
LU;STATEC;1963;F;3;33.40;01.01.2024;True;
LU;STATEC;1963;F;4;24.70;01.01.2024;True;
LU;STATEC;1963;F;5;16.90;01.01.2024;True;
LU;STATEC;1963;F;6;83.80;01.01.2024;True;
LU;STATEC;1963;M;1;61.70;01.01.2024;True;
LU;STATEC;1963;M;2;48.00;01.01.2024;True;
LU;STATEC;1963;M;3;30.30;01.01.2024;True;
LU;STATEC;1963;M;4;22.20;01.01.2024;True;
LU;STATEC;1964;F;1;65.80;01.01.2024;True;
LU;STATEC;1964;F;2;51.50;01.01.2024;True;
LU;STATEC;1964;F;3;33.40;01.01.2024;True;
LU;STATEC;1964;F;4;24.70;01.01.2024;True;
LU;STATEC;1964;F;5;16.90;01.01.2024;True;
LU;STATEC;1964;F;6;83.80;01.01.2024;True;
LU;STATEC;1964;M;1;61.70;01.01.2024;True;
LU;STATEC;1964;M;2;48.00;01.01.2024;True;
LU;STATEC;1964;M;3;30.30;01.01.2024;True;
LU;STATEC;1964;M;4;22.20;01.01.2024;True;
LU;STATEC;1965;F;1;65.80;01.01.2024;True;
LU;STATEC;1965;F;2;51.50;01.01.2024;True;
LU;STATEC;1965;F;3;33.40;01.01.2024;True;
LU;STATEC;1965;F;4;24.70;01.01.2024;True;
LU;STATEC;1965;F;5;16.90;01.01.2024;True;
LU;STATEC;1965;F;6;83.80;01.01.2024;True;
LU;STATEC;1965;M;1;61.70;01.01.2024;True;
LU;STATEC;1965;M;2;48.00;01.01.2024;True;
LU;STATEC;1965;M;3;30.30;01.01.2024;True;
LU;STATEC;1965;M;4;22.20;01.01.2024;True;
LU;STATEC;1966;F;1;65.80;01.01.2024;True;
LU;STATEC;1966;F;2;51.50;01.01.2024;True;
LU;STATEC;1966;F;3;33.40;01.01.2024;True;
LU;STATEC;1966;F;4;24.70;01.01.2024;True;
LU;STATEC;1966;F;5;16.90;01.01.2024;True;
LU;STATEC;1966;F;6;83.80;01.01.2024;True;
LU;STATEC;1966;M;1;61.70;01.01.2024;True;
LU;STATEC;1966;M;2;48.00;01.01.2024;True;
LU;STATEC;1966;M;3;30.30;01.01.2024;True;
LU;STATEC;1966;M;4;22.20;01.01.2024;True;
LU;STATEC;1967;F;1;65.80;01.01.2024;True;
LU;STATEC;1967;F;2;51.50;01.01.2024;True;
LU;STATEC;1967;F;3;33.40;01.01.2024;True;
LU;STATEC;1967;F;4;24.70;01.01.2024;True;
LU;STATEC;1967;F;5;16.90;01.01.2024;True;
LU;STATEC;1967;F;6;83.80;01.01.2024;True;
LU;STATEC;1967;M;1;61.70;01.01.2024;True;
LU;STATEC;1967;M;2;48.00;01.01.2024;True;
LU;STATEC;1967;M;3;30.30;01.01.2024;True;
LU;STATEC;1967;M;4;22.20;01.01.2024;True;
LU;STATEC;1968;F;1;65.80;01.01.2024;True;
LU;STATEC;1968;F;2;51.50;01.01.2024;True;
LU;STATEC;1968;F;3;33.40;01.01.2024;True;
LU;STATEC;1968;F;4;24.70;01.01.2024;True;
LU;STATEC;1968;F;5;16.90;01.01.2024;True;
LU;STATEC;1968;F;6;83.80;01.01.2024;True;
LU;STATEC;1968;M;1;61.70;01.01.2024;True;
LU;STATEC;1968;M;2;48.00;01.01.2024;True;
LU;STATEC;1968;M;3;30.30;01.01.2024;True;
LU;STATEC;1968;M;4;22.20;01.01.2024;True;
LU;STATEC;1969;F;1;65.80;01.01.2024;True;
LU;STATEC;1969;F;2;51.50;01.01.2024;True;
LU;STATEC;1969;F;3;33.40;01.01.2024;True;
LU;STATEC;1969;F;4;24.70;01.01.2024;True;
LU;STATEC;1969;F;5;16.90;01.01.2024;True;
LU;STATEC;1969;F;6;83.80;01.01.2024;True;
LU;STATEC;1969;M;1;61.70;01.01.2024;True;
LU;STATEC;1969;M;2;48.00;01.01.2024;True;
LU;STATEC;1969;M;3;30.30;01.01.2024;True;
LU;STATEC;1969;M;4;22.20;01.01.2024;True;
LU;STATEC;1970;F;1;65.80;01.01.2024;True;
LU;STATEC;1970;F;2;51.50;01.01.2024;True;
LU;STATEC;1970;F;3;33.40;01.01.2024;True;
LU;STATEC;1970;F;4;24.70;01.01.2024;True;
LU;STATEC;1970;F;5;16.90;01.01.2024;True;
LU;STATEC;1970;F;6;83.80;01.01.2024;True;
LU;STATEC;1970;M;1;61.70;01.01.2024;True;
LU;STATEC;1970;M;2;48.00;01.01.2024;True;
LU;STATEC;1970;M;3;30.30;01.01.2024;True;
LU;STATEC;1970;M;4;22.20;01.01.2024;True;
LU;STATEC;1971;F;1;65.80;01.01.2024;True;
LU;STATEC;1971;F;2;51.50;01.01.2024;True;
LU;STATEC;1971;F;3;33.40;01.01.2024;True;
LU;STATEC;1971;F;4;24.70;01.01.2024;True;
LU;STATEC;1971;F;5;16.90;01.01.2024;True;
LU;STATEC;1971;F;6;83.80;01.01.2024;True;
LU;STATEC;1971;M;1;61.70;01.01.2024;True;
LU;STATEC;1971;M;2;48.00;01.01.2024;True;
LU;STATEC;1971;M;3;30.30;01.01.2024;True;
LU;STATEC;1971;M;4;22.20;01.01.2024;True;
LU;STATEC;1972;F;1;65.80;01.01.2024;True;
LU;STATEC;1972;F;2;51.50;01.01.2024;True;
LU;STATEC;1972;F;3;33.40;01.01.2024;True;
LU;STATEC;1972;F;4;24.70;01.01.2024;True;
LU;STATEC;1972;F;5;16.90;01.01.2024;True;
LU;STATEC;1972;F;6;83.80;01.01.2024;True;
LU;STATEC;1972;M;1;61.70;01.01.2024;True;
LU;STATEC;1972;M;2;48.00;01.01.2024;True;
LU;STATEC;1972;M;3;30.30;01.01.2024;True;
LU;STATEC;1972;M;4;22.20;01.01.2024;True;
LU;STATEC;1973;F;1;74.50;01.01.2024;True;
LU;STATEC;1973;F;2;55.80;01.01.2024;True;
LU;STATEC;1973;F;3;36.50;01.01.2024;True;
LU;STATEC;1973;F;4;27.50;01.01.2024;True;
LU;STATEC;1973;F;5;19.20;01.01.2024;True;
LU;STATEC;1973;F;6;85.49;01.01.2024;True;
LU;STATEC;1973;M;1;67.30;01.01.2024;True;
LU;STATEC;1973;M;2;49.50;01.01.2024;True;
LU;STATEC;1973;M;3;35.95;01.01.2024;True;
LU;STATEC;1973;M;4;22.40;01.01.2024;True;
LU;STATEC;1973;M;5;15.00;01.01.2024;True;
LU;STATEC;1974;F;1;74.50;01.01.2024;True;
LU;STATEC;1974;F;2;55.80;01.01.2024;True;
LU;STATEC;1974;F;3;36.50;01.01.2024;True;
LU;STATEC;1974;F;4;27.50;01.01.2024;True;
LU;STATEC;1974;F;5;19.20;01.01.2024;True;
LU;STATEC;1974;F;6;85.49;01.01.2024;True;
LU;STATEC;1974;M;1;67.30;01.01.2024;True;
LU;STATEC;1974;M;2;49.50;01.01.2024;True;
LU;STATEC;1974;M;3;35.95;01.01.2024;True;
LU;STATEC;1974;M;4;22.40;01.01.2024;True;
LU;STATEC;1974;M;5;15.00;01.01.2024;True;
LU;STATEC;1975;F;1;74.50;01.01.2024;True;
LU;STATEC;1975;F;2;55.80;01.01.2024;True;
LU;STATEC;1975;F;3;36.50;01.01.2024;True;
LU;STATEC;1975;F;4;27.50;01.01.2024;True;
LU;STATEC;1975;F;5;19.20;01.01.2024;True;
LU;STATEC;1975;F;6;85.49;01.01.2024;True;
LU;STATEC;1975;M;1;67.30;01.01.2024;True;
LU;STATEC;1975;M;2;49.50;01.01.2024;True;
LU;STATEC;1975;M;3;35.95;01.01.2024;True;
LU;STATEC;1975;M;4;22.40;01.01.2024;True;
LU;STATEC;1975;M;5;15.00;01.01.2024;True;
LU;STATEC;1976;F;1;74.50;01.01.2024;True;
LU;STATEC;1976;F;2;55.80;01.01.2024;True;
LU;STATEC;1976;F;3;36.50;01.01.2024;True;
LU;STATEC;1976;F;4;27.50;01.01.2024;True;
LU;STATEC;1976;F;5;19.20;01.01.2024;True;
LU;STATEC;1976;F;6;85.49;01.01.2024;True;
LU;STATEC;1976;M;1;67.30;01.01.2024;True;
LU;STATEC;1976;M;2;49.50;01.01.2024;True;
LU;STATEC;1976;M;3;35.95;01.01.2024;True;
LU;STATEC;1976;M;4;22.40;01.01.2024;True;
LU;STATEC;1976;M;5;15.00;01.01.2024;True;
LU;STATEC;1977;F;1;74.50;01.01.2024;True;
LU;STATEC;1977;F;2;55.80;01.01.2024;True;
LU;STATEC;1977;F;3;36.50;01.01.2024;True;
LU;STATEC;1977;F;4;27.50;01.01.2024;True;
LU;STATEC;1977;F;5;19.20;01.01.2024;True;
LU;STATEC;1977;F;6;85.49;01.01.2024;True;
LU;STATEC;1977;M;1;67.30;01.01.2024;True;
LU;STATEC;1977;M;2;49.50;01.01.2024;True;
LU;STATEC;1977;M;3;35.95;01.01.2024;True;
LU;STATEC;1977;M;4;22.40;01.01.2024;True;
LU;STATEC;1977;M;5;15.00;01.01.2024;True;
LU;STATEC;1978;F;1;74.50;01.01.2024;True;
LU;STATEC;1978;F;2;55.80;01.01.2024;True;
LU;STATEC;1978;F;3;36.50;01.01.2024;True;
LU;STATEC;1978;F;4;27.50;01.01.2024;True;
LU;STATEC;1978;F;5;19.20;01.01.2024;True;
LU;STATEC;1978;F;6;85.49;01.01.2024;True;
LU;STATEC;1978;M;1;67.30;01.01.2024;True;
LU;STATEC;1978;M;2;49.50;01.01.2024;True;
LU;STATEC;1978;M;3;35.95;01.01.2024;True;
LU;STATEC;1978;M;4;22.40;01.01.2024;True;
LU;STATEC;1978;M;5;15.00;01.01.2024;True;
LU;STATEC;1979;F;1;74.50;01.01.2024;True;
LU;STATEC;1979;F;2;55.80;01.01.2024;True;
LU;STATEC;1979;F;3;36.50;01.01.2024;True;
LU;STATEC;1979;F;4;27.50;01.01.2024;True;
LU;STATEC;1979;F;5;19.20;01.01.2024;True;
LU;STATEC;1979;F;6;85.49;01.01.2024;True;
LU;STATEC;1979;M;1;67.30;01.01.2024;True;
LU;STATEC;1979;M;2;49.50;01.01.2024;True;
LU;STATEC;1979;M;3;35.95;01.01.2024;True;
LU;STATEC;1979;M;4;22.40;01.01.2024;True;
LU;STATEC;1979;M;5;15.00;01.01.2024;True;
LU;STATEC;1980;F;1;74.50;01.01.2024;True;
LU;STATEC;1980;F;2;55.80;01.01.2024;True;
LU;STATEC;1980;F;3;36.50;01.01.2024;True;
LU;STATEC;1980;F;4;27.50;01.01.2024;True;
LU;STATEC;1980;F;5;19.20;01.01.2024;True;
LU;STATEC;1980;F;6;85.49;01.01.2024;True;
LU;STATEC;1980;M;1;67.30;01.01.2024;True;
LU;STATEC;1980;M;2;49.50;01.01.2024;True;
LU;STATEC;1980;M;3;35.95;01.01.2024;True;
LU;STATEC;1980;M;4;22.40;01.01.2024;True;
LU;STATEC;1980;M;5;15.00;01.01.2024;True;
LU;STATEC;1981;F;1;76.70;01.01.2024;True;
LU;STATEC;1981;F;2;57.40;01.01.2024;True;
LU;STATEC;1981;F;3;38.40;01.01.2024;True;
LU;STATEC;1981;F;4;29.20;01.01.2024;True;
LU;STATEC;1981;F;5;20.70;01.01.2024;True;
LU;STATEC;1981;F;6;13.00;01.01.2024;True;
LU;STATEC;1981;M;1;70.00;01.01.2024;True;
LU;STATEC;1981;M;2;50.90;01.01.2024;True;
LU;STATEC;1981;M;3;32.40;01.01.2024;True;
LU;STATEC;1981;M;4;23.60;01.01.2024;True;
LU;STATEC;1981;M;5;16.00;01.01.2024;True;
LU;STATEC;1982;F;1;76.70;01.01.2024;True;
LU;STATEC;1982;F;2;57.40;01.01.2024;True;
LU;STATEC;1982;F;3;38.40;01.01.2024;True;
LU;STATEC;1982;F;4;29.20;01.01.2024;True;
LU;STATEC;1982;F;5;20.70;01.01.2024;True;
LU;STATEC;1982;F;6;13.00;01.01.2024;True;
LU;STATEC;1982;M;1;70.00;01.01.2024;True;
LU;STATEC;1982;M;2;50.90;01.01.2024;True;
LU;STATEC;1982;M;3;32.40;01.01.2024;True;
LU;STATEC;1982;M;4;23.60;01.01.2024;True;
LU;STATEC;1982;M;5;16.00;01.01.2024;True;
LU;STATEC;1983;F;1;76.70;01.01.2024;True;
LU;STATEC;1983;F;2;57.40;01.01.2024;True;
LU;STATEC;1983;F;3;38.40;01.01.2024;True;
LU;STATEC;1983;F;4;29.20;01.01.2024;True;
LU;STATEC;1983;F;5;20.70;01.01.2024;True;
LU;STATEC;1983;F;6;13.00;01.01.2024;True;
LU;STATEC;1983;M;1;70.00;01.01.2024;True;
LU;STATEC;1983;M;2;50.90;01.01.2024;True;
LU;STATEC;1983;M;3;32.40;01.01.2024;True;
LU;STATEC;1983;M;4;23.60;01.01.2024;True;
LU;STATEC;1983;M;5;16.00;01.01.2024;True;
LU;STATEC;1984;F;1;76.70;01.01.2024;True;
LU;STATEC;1984;F;2;57.40;01.01.2024;True;
LU;STATEC;1984;F;3;38.40;01.01.2024;True;
LU;STATEC;1984;F;4;29.20;01.01.2024;True;
LU;STATEC;1984;F;5;20.70;01.01.2024;True;
LU;STATEC;1984;F;6;13.00;01.01.2024;True;
LU;STATEC;1984;M;1;70.00;01.01.2024;True;
LU;STATEC;1984;M;2;50.90;01.01.2024;True;
LU;STATEC;1984;M;3;32.40;01.01.2024;True;
LU;STATEC;1984;M;4;23.60;01.01.2024;True;
LU;STATEC;1984;M;5;16.00;01.01.2024;True;
LU;STATEC;1985;F;1;76.70;01.01.2024;True;
LU;STATEC;1985;F;2;57.40;01.01.2024;True;
LU;STATEC;1985;F;3;38.40;01.01.2024;True;
LU;STATEC;1985;F;4;29.20;01.01.2024;True;
LU;STATEC;1985;F;5;20.70;01.01.2024;True;
LU;STATEC;1985;F;6;13.00;01.01.2024;True;
LU;STATEC;1985;M;1;70.00;01.01.2024;True;
LU;STATEC;1985;M;2;50.90;01.01.2024;True;
LU;STATEC;1985;M;3;32.40;01.01.2024;True;
LU;STATEC;1985;M;4;23.60;01.01.2024;True;
LU;STATEC;1985;M;5;16.00;01.01.2024;True;
LU;STATEC;1986;F;1;77.90;01.01.2024;True;
LU;STATEC;1986;F;2;58.80;01.01.2024;True;
LU;STATEC;1986;F;3;39.40;01.01.2024;True;
LU;STATEC;1986;F;4;30.35;01.01.2024;True;
LU;STATEC;1986;F;5;21.30;01.01.2024;True;
LU;STATEC;1986;F;6;13.30;01.01.2024;True;
LU;STATEC;1986;M;1;70.60;01.01.2024;True;
LU;STATEC;1986;M;2;51.90;01.01.2024;True;
LU;STATEC;1986;M;3;33.20;01.01.2024;True;
LU;STATEC;1986;M;4;24.20;01.01.2024;True;
LU;STATEC;1986;M;5;16.40;01.01.2024;True;
LU;STATEC;1987;F;1;77.90;01.01.2024;True;
LU;STATEC;1987;F;2;58.80;01.01.2024;True;
LU;STATEC;1987;F;3;39.40;01.01.2024;True;
LU;STATEC;1987;F;4;30.35;01.01.2024;True;
LU;STATEC;1987;F;5;21.30;01.01.2024;True;
LU;STATEC;1987;F;6;13.30;01.01.2024;True;
LU;STATEC;1987;M;1;70.60;01.01.2024;True;
LU;STATEC;1987;M;2;51.90;01.01.2024;True;
LU;STATEC;1987;M;3;33.20;01.01.2024;True;
LU;STATEC;1987;M;4;24.20;01.01.2024;True;
LU;STATEC;1987;M;5;16.40;01.01.2024;True;
LU;STATEC;1988;F;1;77.90;01.01.2024;True;
LU;STATEC;1988;F;2;58.80;01.01.2024;True;
LU;STATEC;1988;F;3;39.40;01.01.2024;True;
LU;STATEC;1988;F;4;30.35;01.01.2024;True;
LU;STATEC;1988;F;5;21.30;01.01.2024;True;
LU;STATEC;1988;F;6;13.30;01.01.2024;True;
LU;STATEC;1988;M;1;70.60;01.01.2024;True;
LU;STATEC;1988;M;2;51.90;01.01.2024;True;
LU;STATEC;1988;M;3;33.20;01.01.2024;True;
LU;STATEC;1988;M;4;24.20;01.01.2024;True;
LU;STATEC;1988;M;5;16.40;01.01.2024;True;
LU;STATEC;1989;F;1;77.90;01.01.2024;True;
LU;STATEC;1989;F;2;58.80;01.01.2024;True;
LU;STATEC;1989;F;3;39.40;01.01.2024;True;
LU;STATEC;1989;F;4;30.35;01.01.2024;True;
LU;STATEC;1989;F;5;21.30;01.01.2024;True;
LU;STATEC;1989;F;6;13.30;01.01.2024;True;
LU;STATEC;1989;M;1;70.60;01.01.2024;True;
LU;STATEC;1989;M;2;51.90;01.01.2024;True;
LU;STATEC;1989;M;3;33.20;01.01.2024;True;
LU;STATEC;1989;M;4;24.20;01.01.2024;True;
LU;STATEC;1989;M;5;16.40;01.01.2024;True;
LU;STATEC;1990;F;1;77.90;01.01.2024;True;
LU;STATEC;1990;F;2;58.80;01.01.2024;True;
LU;STATEC;1990;F;3;39.40;01.01.2024;True;
LU;STATEC;1990;F;4;30.35;01.01.2024;True;
LU;STATEC;1990;F;5;21.30;01.01.2024;True;
LU;STATEC;1990;F;6;13.30;01.01.2024;True;
LU;STATEC;1990;M;1;70.60;01.01.2024;True;
LU;STATEC;1990;M;2;51.90;01.01.2024;True;
LU;STATEC;1990;M;3;33.20;01.01.2024;True;
LU;STATEC;1990;M;4;24.20;01.01.2024;True;
LU;STATEC;1990;M;5;16.40;01.01.2024;True;
LU;STATEC;1991;F;1;79.10;01.01.2024;True;
LU;STATEC;1991;F;2;60.00;01.01.2024;True;
LU;STATEC;1991;F;3;40.80;01.01.2024;True;
LU;STATEC;1991;F;4;31.50;01.01.2024;True;
LU;STATEC;1991;F;5;22.70;01.01.2024;True;
LU;STATEC;1991;F;6;14.90;01.01.2024;True;
LU;STATEC;1991;M;1;72.60;01.01.2024;True;
LU;STATEC;1991;M;2;54.00;01.01.2024;True;
LU;STATEC;1991;M;3;35.30;01.01.2024;True;
LU;STATEC;1991;M;4;26.40;01.01.2024;True;
LU;STATEC;1991;M;5;18.40;01.01.2024;True;
LU;STATEC;1992;F;1;79.10;01.01.2024;True;
LU;STATEC;1992;F;2;60.00;01.01.2024;True;
LU;STATEC;1992;F;3;40.80;01.01.2024;True;
LU;STATEC;1992;F;4;31.50;01.01.2024;True;
LU;STATEC;1992;F;5;22.70;01.01.2024;True;
LU;STATEC;1992;F;6;14.90;01.01.2024;True;
LU;STATEC;1992;M;1;72.60;01.01.2024;True;
LU;STATEC;1992;M;2;54.00;01.01.2024;True;
LU;STATEC;1992;M;3;35.30;01.01.2024;True;
LU;STATEC;1992;M;4;26.40;01.01.2024;True;
LU;STATEC;1992;M;5;18.40;01.01.2024;True;
LU;STATEC;1993;F;1;79.10;01.01.2024;True;
LU;STATEC;1993;F;2;60.00;01.01.2024;True;
LU;STATEC;1993;F;3;40.80;01.01.2024;True;
LU;STATEC;1993;F;4;31.50;01.01.2024;True;
LU;STATEC;1993;F;5;22.70;01.01.2024;True;
LU;STATEC;1993;F;6;14.90;01.01.2024;True;
LU;STATEC;1993;M;1;72.60;01.01.2024;True;
LU;STATEC;1993;M;2;54.00;01.01.2024;True;
LU;STATEC;1993;M;3;35.30;01.01.2024;True;
LU;STATEC;1993;M;4;26.40;01.01.2024;True;
LU;STATEC;1993;M;5;18.40;01.01.2024;True;
LU;STATEC;1994;F;1;79.10;01.01.2024;True;
LU;STATEC;1994;F;2;60.00;01.01.2024;True;
LU;STATEC;1994;F;3;40.80;01.01.2024;True;
LU;STATEC;1994;F;4;31.50;01.01.2024;True;
LU;STATEC;1994;F;5;22.70;01.01.2024;True;
LU;STATEC;1994;F;6;14.90;01.01.2024;True;
LU;STATEC;1994;M;1;72.60;01.01.2024;True;
LU;STATEC;1994;M;2;54.00;01.01.2024;True;
LU;STATEC;1994;M;3;35.30;01.01.2024;True;
LU;STATEC;1994;M;4;26.40;01.01.2024;True;
LU;STATEC;1994;M;5;18.40;01.01.2024;True;
LU;STATEC;1995;F;1;79.10;01.01.2024;True;
LU;STATEC;1995;F;2;60.00;01.01.2024;True;
LU;STATEC;1995;F;3;40.80;01.01.2024;True;
LU;STATEC;1995;F;4;31.50;01.01.2024;True;
LU;STATEC;1995;F;5;22.70;01.01.2024;True;
LU;STATEC;1995;F;6;14.90;01.01.2024;True;
LU;STATEC;1995;M;1;72.60;01.01.2024;True;
LU;STATEC;1995;M;2;54.00;01.01.2024;True;
LU;STATEC;1995;M;3;35.30;01.01.2024;True;
LU;STATEC;1995;M;4;26.40;01.01.2024;True;
LU;STATEC;1995;M;5;18.40;01.01.2024;True;
LU;STATEC;1996;F;1;79.62;01.01.2024;True;
LU;STATEC;1996;F;2;60.39;01.01.2024;True;
LU;STATEC;1996;F;3;41.07;01.01.2024;True;
LU;STATEC;1996;F;4;31.72;01.01.2024;True;
LU;STATEC;1996;F;5;22.99;01.01.2024;True;
LU;STATEC;1996;F;6;15.31;01.01.2024;True;
LU;STATEC;1996;M;1;73.53;01.01.2024;True;
LU;STATEC;1996;M;2;54.26;01.01.2024;True;
LU;STATEC;1996;M;3;35.43;01.01.2024;True;
LU;STATEC;1996;M;4;26.55;01.01.2024;True;
LU;STATEC;1996;M;5;18.56;01.01.2024;True;
LU;STATEC;1997;F;1;79.62;01.01.2024;True;
LU;STATEC;1997;F;2;60.39;01.01.2024;True;
LU;STATEC;1997;F;3;41.07;01.01.2024;True;
LU;STATEC;1997;F;4;31.72;01.01.2024;True;
LU;STATEC;1997;F;5;22.99;01.01.2024;True;
LU;STATEC;1997;F;6;15.31;01.01.2024;True;
LU;STATEC;1997;M;1;73.53;01.01.2024;True;
LU;STATEC;1997;M;2;54.26;01.01.2024;True;
LU;STATEC;1997;M;3;35.43;01.01.2024;True;
LU;STATEC;1997;M;4;26.55;01.01.2024;True;
LU;STATEC;1997;M;5;18.56;01.01.2024;True;
LU;STATEC;1998;F;1;79.62;01.01.2024;True;
LU;STATEC;1998;F;2;60.39;01.01.2024;True;
LU;STATEC;1998;F;3;41.07;01.01.2024;True;
LU;STATEC;1998;F;4;31.72;01.01.2024;True;
LU;STATEC;1998;F;5;22.99;01.01.2024;True;
LU;STATEC;1998;F;6;15.31;01.01.2024;True;
LU;STATEC;1998;M;1;73.53;01.01.2024;True;
LU;STATEC;1998;M;2;54.26;01.01.2024;True;
LU;STATEC;1998;M;3;35.43;01.01.2024;True;
LU;STATEC;1998;M;4;26.55;01.01.2024;True;
LU;STATEC;1998;M;5;18.56;01.01.2024;True;
LU;STATEC;1999;F;1;79.62;01.01.2024;True;
LU;STATEC;1999;F;2;60.39;01.01.2024;True;
LU;STATEC;1999;F;3;41.07;01.01.2024;True;
LU;STATEC;1999;F;4;31.72;01.01.2024;True;
LU;STATEC;1999;F;5;22.99;01.01.2024;True;
LU;STATEC;1999;F;6;15.31;01.01.2024;True;
LU;STATEC;1999;M;1;73.53;01.01.2024;True;
LU;STATEC;1999;M;2;54.26;01.01.2024;True;
LU;STATEC;1999;M;3;35.43;01.01.2024;True;
LU;STATEC;1999;M;4;26.55;01.01.2024;True;
LU;STATEC;1999;M;5;18.56;01.01.2024;True;
LU;STATEC;2000;F;1;79.62;01.01.2024;True;
LU;STATEC;2000;F;2;60.39;01.01.2024;True;
LU;STATEC;2000;F;3;41.07;01.01.2024;True;
LU;STATEC;2000;F;4;31.72;01.01.2024;True;
LU;STATEC;2000;F;5;22.99;01.01.2024;True;
LU;STATEC;2000;F;6;15.31;01.01.2024;True;
LU;STATEC;2000;M;1;73.53;01.01.2024;True;
LU;STATEC;2000;M;2;54.26;01.01.2024;True;
LU;STATEC;2000;M;3;35.43;01.01.2024;True;
LU;STATEC;2000;M;4;26.55;01.01.2024;True;
LU;STATEC;2000;M;5;18.56;01.01.2024;True;
LU;STATEC;2001;F;1;81.01;01.01.2024;True;
LU;STATEC;2001;F;2;61.62;01.01.2024;True;
LU;STATEC;2001;F;3;42.15;01.01.2024;True;
LU;STATEC;2001;F;4;32.76;01.01.2024;True;
LU;STATEC;2001;F;5;23.80;01.01.2024;True;
LU;STATEC;2001;F;6;15.80;01.01.2024;True;
LU;STATEC;2001;M;1;74.80;01.01.2024;True;
LU;STATEC;2001;M;2;55.70;01.01.2024;True;
LU;STATEC;2001;M;3;36.90;01.01.2024;True;
LU;STATEC;2001;M;4;27.84;01.01.2024;True;
LU;STATEC;2001;M;5;19.50;01.01.2024;True;
LU;STATEC;2002;F;1;81.01;01.01.2024;True;
LU;STATEC;2002;F;2;61.62;01.01.2024;True;
LU;STATEC;2002;F;3;42.15;01.01.2024;True;
LU;STATEC;2002;F;4;32.76;01.01.2024;True;
LU;STATEC;2002;F;5;23.80;01.01.2024;True;
LU;STATEC;2002;F;6;15.80;01.01.2024;True;
LU;STATEC;2002;M;1;74.80;01.01.2024;True;
LU;STATEC;2002;M;2;55.70;01.01.2024;True;
LU;STATEC;2002;M;3;36.90;01.01.2024;True;
LU;STATEC;2002;M;4;27.84;01.01.2024;True;
LU;STATEC;2002;M;5;19.50;01.01.2024;True;
LU;STATEC;2003;F;1;81.01;01.01.2024;True;
LU;STATEC;2003;F;2;61.62;01.01.2024;True;
LU;STATEC;2003;F;3;42.15;01.01.2024;True;
LU;STATEC;2003;F;4;32.76;01.01.2024;True;
LU;STATEC;2003;F;5;23.80;01.01.2024;True;
LU;STATEC;2003;F;6;15.80;01.01.2024;True;
LU;STATEC;2003;M;1;74.80;01.01.2024;True;
LU;STATEC;2003;M;2;55.70;01.01.2024;True;
LU;STATEC;2003;M;3;36.90;01.01.2024;True;
LU;STATEC;2003;M;4;27.84;01.01.2024;True;
LU;STATEC;2003;M;5;19.50;01.01.2024;True;
LU;STATEC;2004;F;1;81.01;01.01.2024;True;
LU;STATEC;2004;F;2;61.62;01.01.2024;True;
LU;STATEC;2004;F;3;42.15;01.01.2024;True;
LU;STATEC;2004;F;4;32.76;01.01.2024;True;
LU;STATEC;2004;F;5;23.80;01.01.2024;True;
LU;STATEC;2004;F;6;15.80;01.01.2024;True;
LU;STATEC;2004;M;1;74.80;01.01.2024;True;
LU;STATEC;2004;M;2;55.70;01.01.2024;True;
LU;STATEC;2004;M;3;36.90;01.01.2024;True;
LU;STATEC;2004;M;4;27.84;01.01.2024;True;
LU;STATEC;2004;M;5;19.50;01.01.2024;True;
LU;STATEC;2005;F;1;81.01;01.01.2024;True;
LU;STATEC;2005;F;2;61.62;01.01.2024;True;
LU;STATEC;2005;F;3;42.15;01.01.2024;True;
LU;STATEC;2005;F;4;32.76;01.01.2024;True;
LU;STATEC;2005;F;5;23.80;01.01.2024;True;
LU;STATEC;2005;F;6;15.80;01.01.2024;True;
LU;STATEC;2005;M;1;74.80;01.01.2024;True;
LU;STATEC;2005;M;2;55.70;01.01.2024;True;
LU;STATEC;2005;M;3;36.90;01.01.2024;True;
LU;STATEC;2005;M;4;27.84;01.01.2024;True;
LU;STATEC;2005;M;5;19.50;01.01.2024;True;
LU;STATEC;2006;F;1;81.80;01.01.2024;True;
LU;STATEC;2006;F;2;62.20;01.01.2024;True;
LU;STATEC;2006;F;3;42.70;01.01.2024;True;
LU;STATEC;2006;F;4;33.30;01.01.2024;True;
LU;STATEC;2006;F;5;24.30;01.01.2024;True;
LU;STATEC;2006;F;6;16.00;01.01.2024;True;
LU;STATEC;2006;M;1;76.60;01.01.2024;True;
LU;STATEC;2006;M;2;57.10;01.01.2024;True;
LU;STATEC;2006;M;3;38.00;01.01.2024;True;
LU;STATEC;2006;M;4;28.80;01.01.2024;True;
LU;STATEC;2006;M;5;20.40;01.01.2024;True;
LU;STATEC;2007;F;1;81.80;01.01.2024;True;
LU;STATEC;2007;F;2;62.20;01.01.2024;True;
LU;STATEC;2007;F;3;42.70;01.01.2024;True;
LU;STATEC;2007;F;4;33.30;01.01.2024;True;
LU;STATEC;2007;F;5;24.30;01.01.2024;True;
LU;STATEC;2007;F;6;16.00;01.01.2024;True;
LU;STATEC;2007;M;1;76.60;01.01.2024;True;
LU;STATEC;2007;M;2;57.10;01.01.2024;True;
LU;STATEC;2007;M;3;38.00;01.01.2024;True;
LU;STATEC;2007;M;4;28.80;01.01.2024;True;
LU;STATEC;2007;M;5;20.40;01.01.2024;True;
LU;STATEC;2008;F;1;81.80;01.01.2024;True;
LU;STATEC;2008;F;2;62.20;01.01.2024;True;
LU;STATEC;2008;F;3;42.70;01.01.2024;True;
LU;STATEC;2008;F;4;33.30;01.01.2024;True;
LU;STATEC;2008;F;5;24.30;01.01.2024;True;
LU;STATEC;2008;F;6;16.00;01.01.2024;True;
LU;STATEC;2008;M;1;76.60;01.01.2024;True;
LU;STATEC;2008;M;2;57.10;01.01.2024;True;
LU;STATEC;2008;M;3;38.00;01.01.2024;True;
LU;STATEC;2008;M;4;28.80;01.01.2024;True;
LU;STATEC;2008;M;5;20.40;01.01.2024;True;
LU;STATEC;2009;F;1;81.80;01.01.2024;True;
LU;STATEC;2009;F;2;62.20;01.01.2024;True;
LU;STATEC;2009;F;3;42.70;01.01.2024;True;
LU;STATEC;2009;F;4;33.30;01.01.2024;True;
LU;STATEC;2009;F;5;24.30;01.01.2024;True;
LU;STATEC;2009;F;6;16.00;01.01.2024;True;
LU;STATEC;2009;M;1;76.60;01.01.2024;True;
LU;STATEC;2009;M;2;57.10;01.01.2024;True;
LU;STATEC;2009;M;3;38.00;01.01.2024;True;
LU;STATEC;2009;M;4;28.80;01.01.2024;True;
LU;STATEC;2009;M;5;20.40;01.01.2024;True;
LU;STATEC;2010;F;1;81.80;01.01.2024;True;
LU;STATEC;2010;F;2;62.20;01.01.2024;True;
LU;STATEC;2010;F;3;42.70;01.01.2024;True;
LU;STATEC;2010;F;4;33.30;01.01.2024;True;
LU;STATEC;2010;F;5;24.30;01.01.2024;True;
LU;STATEC;2010;F;6;16.00;01.01.2024;True;
LU;STATEC;2010;M;1;76.60;01.01.2024;True;
LU;STATEC;2010;M;2;57.10;01.01.2024;True;
LU;STATEC;2010;M;3;38.00;01.01.2024;True;
LU;STATEC;2010;M;4;28.80;01.01.2024;True;
LU;STATEC;2010;M;5;20.40;01.01.2024;True;
LU;STATEC;2011;F;1;83.40;01.01.2024;True;
LU;STATEC;2011;F;2;63.60;01.01.2024;True;
LU;STATEC;2011;F;3;44.00;01.01.2024;True;
LU;STATEC;2011;F;4;34.40;01.01.2024;True;
LU;STATEC;2011;F;5;25.40;01.01.2024;True;
LU;STATEC;2011;F;6;17.00;01.01.2024;True;
LU;STATEC;2011;M;1;78.60;01.01.2024;True;
LU;STATEC;2011;M;2;58.90;01.01.2024;True;
LU;STATEC;2011;M;3;39.60;01.01.2024;True;
LU;STATEC;2011;M;4;30.20;01.01.2024;True;
LU;STATEC;2011;M;5;21.60;01.01.2024;True;
LU;STATEC;2011;M;6;14.00;01.01.2024;True;
LU;STATEC;2012;F;1;83.40;01.01.2024;True;
LU;STATEC;2012;F;2;63.70;01.01.2024;True;
LU;STATEC;2012;F;3;44.10;01.01.2024;True;
LU;STATEC;2012;F;4;34.50;01.01.2024;True;
LU;STATEC;2012;F;5;25.40;01.01.2024;True;
LU;STATEC;2012;F;6;17.00;01.01.2024;True;
LU;STATEC;2012;M;1;78.90;01.01.2024;True;
LU;STATEC;2012;M;2;59.30;01.01.2024;True;
LU;STATEC;2012;M;3;39.90;01.01.2024;True;
LU;STATEC;2012;M;4;30.50;01.01.2024;True;
LU;STATEC;2012;M;5;21.90;01.01.2024;True;
LU;STATEC;2012;M;6;14.30;01.01.2024;True;
LU;STATEC;2013;F;1;84.00;01.01.2024;True;
LU;STATEC;2013;F;2;64.20;01.01.2024;True;
LU;STATEC;2013;F;3;44.60;01.01.2024;True;
LU;STATEC;2013;F;4;35.00;01.01.2024;True;
LU;STATEC;2013;F;5;25.80;01.01.2024;True;
LU;STATEC;2013;F;6;17.40;01.01.2024;True;
LU;STATEC;2013;M;1;79.30;01.01.2024;True;
LU;STATEC;2013;M;2;59.70;01.01.2024;True;
LU;STATEC;2013;M;3;40.30;01.01.2024;True;
LU;STATEC;2013;M;4;30.80;01.01.2024;True;
LU;STATEC;2013;M;5;22.30;01.01.2024;True;
LU;STATEC;2013;M;6;14.60;01.01.2024;True;
LU;STATEC;2014;F;1;84.20;01.01.2024;True;
LU;STATEC;2014;F;2;64.40;01.01.2024;True;
LU;STATEC;2014;F;3;44.70;01.01.2024;True;
LU;STATEC;2014;F;4;35.10;01.01.2024;True;
LU;STATEC;2014;F;5;25.90;01.01.2024;True;
LU;STATEC;2014;F;6;17.40;01.01.2024;True;
LU;STATEC;2014;M;1;79.60;01.01.2024;True;
LU;STATEC;2014;M;2;60.00;01.01.2024;True;
LU;STATEC;2014;M;3;40.60;01.01.2024;True;
LU;STATEC;2014;M;4;31.55;01.01.2024;True;
LU;STATEC;2014;M;5;22.50;01.01.2024;True;
LU;STATEC;2014;M;6;14.70;01.01.2024;True;
LU;STATEC;2015;F;1;84.60;01.01.2024;True;
LU;STATEC;2015;F;2;64.90;01.01.2024;True;
LU;STATEC;2015;F;3;45.10;01.01.2024;True;
LU;STATEC;2015;F;4;35.50;01.01.2024;True;
LU;STATEC;2015;F;5;26.20;01.01.2024;True;
LU;STATEC;2015;F;6;17.60;01.01.2024;True;
LU;STATEC;2015;M;1;79.70;01.01.2024;True;
LU;STATEC;2015;M;2;60.10;01.01.2024;True;
LU;STATEC;2015;M;3;40.70;01.01.2024;True;
LU;STATEC;2015;M;4;31.20;01.01.2024;True;
LU;STATEC;2015;M;5;22.50;01.01.2024;True;
LU;STATEC;2015;M;6;14.70;01.01.2024;True;
LU;STATEC;2016;F;1;84.38;01.01.2024;True;
LU;STATEC;2016;F;2;64.59;01.01.2024;True;
LU;STATEC;2016;F;3;44.81;01.01.2024;True;
LU;STATEC;2016;F;4;35.25;01.01.2024;True;
LU;STATEC;2016;F;5;25.95;01.01.2024;True;
LU;STATEC;2016;F;6;17.42;01.01.2024;True;
LU;STATEC;2016;M;1;79.92;01.01.2024;True;
LU;STATEC;2016;M;2;60.32;01.01.2024;True;
LU;STATEC;2016;M;3;40.79;01.01.2024;True;
LU;STATEC;2016;M;4;31.35;01.01.2024;True;
LU;STATEC;2016;M;5;22.53;01.01.2024;True;
LU;STATEC;2016;M;6;14.82;01.01.2024;True;
LU;STATEC;2017;F;1;84.49;01.01.2024;True;
LU;STATEC;2017;F;2;64.72;01.01.2024;True;
LU;STATEC;2017;F;3;45.01;01.01.2024;True;
LU;STATEC;2017;F;4;35.40;01.01.2024;True;
LU;STATEC;2017;F;5;26.14;01.01.2024;True;
LU;STATEC;2017;F;6;17.56;01.01.2024;True;
LU;STATEC;2017;M;1;79.95;01.01.2024;True;
LU;STATEC;2017;M;2;60.29;01.01.2024;True;
LU;STATEC;2017;M;3;40.77;01.01.2024;True;
LU;STATEC;2017;M;4;31.33;01.01.2024;True;
LU;STATEC;2017;M;5;22.50;01.01.2024;True;
LU;STATEC;2017;M;6;14.82;01.01.2024;True;
LU;STATEC;2018;F;1;84.47;01.01.2024;True;
LU;STATEC;2018;F;2;64.68;01.01.2024;True;
LU;STATEC;2018;F;3;44.95;01.01.2024;True;
LU;STATEC;2018;F;4;35.30;01.01.2024;True;
LU;STATEC;2018;F;5;26.43;01.01.2024;True;
LU;STATEC;2018;F;6;17.56;01.01.2024;True;
LU;STATEC;2018;M;1;80.01;01.01.2024;True;
LU;STATEC;2018;M;2;60.39;01.01.2024;True;
LU;STATEC;2018;M;3;40.95;01.01.2024;True;
LU;STATEC;2018;M;4;31.48;01.01.2024;True;
LU;STATEC;2018;M;5;22.58;01.01.2024;True;
LU;STATEC;2018;M;6;14.92;01.01.2024;True;
LU;STATEC;2019;F;1;84.60;01.01.2024;True;
LU;STATEC;2019;F;2;64.90;01.01.2024;True;
LU;STATEC;2019;F;3;45.10;01.01.2024;True;
LU;STATEC;2019;F;4;35.40;01.01.2024;True;
LU;STATEC;2019;F;5;26.20;01.01.2024;True;
LU;STATEC;2019;F;6;17.60;01.01.2024;True;
LU;STATEC;2019;M;1;80.10;01.01.2024;True;
LU;STATEC;2019;M;2;60.40;01.01.2024;True;
LU;STATEC;2019;M;3;41.00;01.01.2024;True;
LU;STATEC;2019;M;4;31.40;01.01.2024;True;
LU;STATEC;2019;M;5;22.60;01.01.2024;True;
LU;STATEC;2019;M;6;14.80;01.01.2024;True;
LU;STATEC;2020;F;1;84.80;01.01.2024;True;
LU;STATEC;2020;F;2;65.10;01.01.2024;True;
LU;STATEC;2020;F;3;45.30;01.01.2024;True;
LU;STATEC;2020;F;4;35.70;01.01.2024;True;
LU;STATEC;2020;F;5;26.40;01.01.2024;True;
LU;STATEC;2020;F;6;18.80;01.01.2024;True;
LU;STATEC;2020;M;1;80.30;01.01.2024;True;
LU;STATEC;2020;M;2;60.60;01.01.2024;True;
LU;STATEC;2020;M;3;41.10;01.01.2024;True;
LU;STATEC;2020;M;4;31.60;01.01.2024;True;
LU;STATEC;2020;M;5;22.80;01.01.2024;True;
LU;STATEC;2020;M;6;15.00;01.01.2024;True;
LU;STATEC;2021;F;1;84.83;01.01.2024;True;
LU;STATEC;2021;F;2;65.09;01.01.2024;True;
LU;STATEC;2021;F;3;45.35;01.01.2024;True;
LU;STATEC;2021;F;4;35.67;01.01.2024;True;
LU;STATEC;2021;F;5;26.34;01.01.2024;True;
LU;STATEC;2021;F;6;17.72;01.01.2024;True;
LU;STATEC;2021;M;1;80.49;01.01.2024;True;
LU;STATEC;2021;M;2;60.82;01.01.2024;True;
LU;STATEC;2021;M;3;41.26;01.01.2024;True;
LU;STATEC;2021;M;4;31.74;01.01.2024;True;
LU;STATEC;2021;M;5;22.88;01.01.2024;True;
LU;STATEC;2022;F;1;84.98;01.01.2024;True;
LU;STATEC;2022;F;2;65.30;01.01.2024;True;
LU;STATEC;2022;F;3;45.53;01.01.2024;True;
LU;STATEC;2022;F;4;35.85;01.01.2024;True;
LU;STATEC;2022;F;5;26.52;01.01.2024;True;
LU;STATEC;2022;F;6;17.88;01.01.2024;True;
LU;STATEC;2022;M;1;80.98;01.01.2024;True;
LU;STATEC;2022;M;2;61.31;01.01.2024;True;
LU;STATEC;2022;M;3;41.75;01.01.2024;True;
LU;STATEC;2022;M;4;32.22;01.01.2024;True;
LU;STATEC;2022;M;5;23.31;01.01.2024;True;
LU;STATEC;2022;M;6;15.39;01.01.2024;True;
LU;STATEC;2023;F;1;85.26;01.01.2024;True;
LU;STATEC;2023;F;2;65.51;01.01.2024;True;
LU;STATEC;2023;F;3;45.73;01.01.2024;True;
LU;STATEC;2023;F;4;36.07;01.01.2024;True;
LU;STATEC;2023;F;5;26.70;01.01.2024;True;
LU;STATEC;2023;M;1;81.20;01.01.2024;True;
LU;STATEC;2023;M;2;61.62;01.01.2024;True;
LU;STATEC;2023;M;3;42.07;01.01.2024;True;
LU;STATEC;2023;M;4;32.52;01.01.2024;True;
LU;STATEC;2023;M;5;23.56;01.01.2024;True;
LU;STATEC;2023;M;6;15.61;01.01.2024;True;
LU;STATEC;2024;F;1;85.26;01.01.2024;True;
LU;STATEC;2024;F;2;65.51;01.01.2024;True;
LU;STATEC;2024;F;3;45.73;01.01.2024;True;
LU;STATEC;2024;F;4;36.07;01.01.2024;True;
LU;STATEC;2024;F;5;26.70;01.01.2024;True;
LU;STATEC;2024;M;1;81.20;01.01.2024;True;
LU;STATEC;2024;M;2;61.62;01.01.2024;True;
LU;STATEC;2024;M;3;42.07;01.01.2024;True;
LU;STATEC;2024;M;4;32.52;01.01.2024;True;
LU;STATEC;2024;M;5;23.56;01.01.2024;True;
LU;STATEC;2024;M;6;15.61;01.01.2024;True;
LU;STATEC;2025;F;1;85.26;01.01.2024;True;
LU;STATEC;2025;F;2;65.51;01.01.2024;True;
LU;STATEC;2025;F;3;45.73;01.01.2024;True;
LU;STATEC;2025;F;4;36.07;01.01.2024;True;
LU;STATEC;2025;F;5;26.70;01.01.2024;True;
LU;STATEC;2025;M;1;81.20;01.01.2024;True;
LU;STATEC;2025;M;2;61.62;01.01.2024;True;
LU;STATEC;2025;M;3;42.07;01.01.2024;True;
LU;STATEC;2025;M;4;32.52;01.01.2024;True;
LU;STATEC;2025;M;5;23.56;01.01.2024;True;
LU;STATEC;2025;M;6;15.61;01.01.2024;True;
