STRUCTURE;STRUCTURE_ID;STRUCTURE_NAME;ACTION;SPECIFICATION;Spécification;SEX;Sexe;AGE;Age;FREQ;Fréquence;TIME_PERIOD;Période;OBS_VALUE;Valeur;OBS_STATUS;Statut d'observation;DECIMALS;Décimales;NOTE_YEAR_2;Note année 2;NOTE_YEAR_1;Note année 1;NOTE_SPECIFICATION_2;Note spécification 2;NOTE_SPECIFICATION_1;Note spécification 1;NOTE_SEX_2;Note sexe 2;NOTE_SEX_1;Note sexe 1;NOTE_AGE_2;Age;NOTE_AGE_1;Age
DATAFLOW;LU1:DF_B2307(1.0);Table de mortalité détaillée;I;C04;Espérance de vie (Ex);B01;Hommes;SL003;2;A;Annuelle;2023;;79.4614798559117;;;;0;Zéro;;;Y01;L’année affichée correspond au milieu de la période d’observation de trois années (par exemple 2020 correspond aux années 2019-2021).;C04;Définitions: Espérance de vie. Données révisées pour les années 2005 - 2015;;;;;;;;;;
DATAFLOW;LU1:DF_B2307(1.0);Table de mortalité détaillée;I;C04;Espérance de vie (Ex);B01;Hommes;SL007;6;A;Annuelle;2023;;75.505460193582;;;;0;Zéro;;;Y01;L’année affichée correspond au milieu de la période d’observation de trois années (par exemple 2020 correspond aux années 2019-2021).;C04;Définitions: Espérance de vie. Données révisées pour les années 2005 - 2015;;;;;;;;;;
DATAFLOW;LU1:DF_B2307(1.0);Table de mortalité détaillée;I;C04;Espérance de vie (Ex);B01;Hommes;SL024;23;A;Annuelle;2023;;58.6930838054416;;;;0;Zéro;;;Y01;L’année affichée correspond au milieu de la période d’observation de trois années (par exemple 2020 correspond aux années 2019-2021).;C04;Définitions: Espérance de vie. Données révisées pour les années 2005 - 2015;;;;;;;;;;
DATAFLOW;LU1:DF_B2307(1.0);Table de mortalité détaillée;I;C04;Espérance de vie (Ex);B01;Hommes;SL041;40;A;Annuelle;2023;;42.0732479596628;;;;0;Zéro;;;Y01;L’année affichée correspond au milieu de la période d’observation de trois années (par exemple 2020 correspond aux années 2019-2021).;C04;Définitions: Espérance de vie. Données révisées pour les années 2005 - 2015;;;;;;;;;;
DATAFLOW;LU1:DF_B2307(1.0);Table de mortalité détaillée;I;C04;Espérance de vie (Ex);B01;Hommes;SL071;70;A;Annuelle;2023;;15.6093650163138;;;;0;Zéro;;;Y01;L’année affichée correspond au milieu de la période d’observation de trois années (par exemple 2020 correspond aux années 2019-2021).;C04;Définitions: Espérance de vie. Données révisées pour les années 2005 - 2015;;;;;;;;;;
DATAFLOW;LU1:DF_B2307(1.0);Table de mortalité détaillée;I;C04;Espérance de vie (Ex);B01;Hommes;SL075;74;A;Annuelle;2023;;12.7096723176788;;;;0;Zéro;;;Y01;L’année affichée correspond au milieu de la période d’observation de trois années (par exemple 2020 correspond aux années 2019-2021).;C04;Définitions: Espérance de vie. Données révisées pour les années 2005 - 2015;;;;;;;;;;
DATAFLOW;LU1:DF_B2307(1.0);Table de mortalité détaillée;I;C04;Espérance de vie (Ex);B01;Hommes;SL092;91;A;Annuelle;2023;;3.85697857755661;;;;0;Zéro;;;Y01;L’année affichée correspond au milieu de la période d’observation de trois années (par exemple 2020 correspond aux années 2019-2021).;C04;Définitions: Espérance de vie. Données révisées pour les années 2005 - 2015;;;;;;;;;;
DATAFLOW;LU1:DF_B2307(1.0);Table de mortalité détaillée;I;C04;Espérance de vie (Ex);B02;Femmes;SL002;1;A;Annuelle;2023;;84.3900477177825;;;;0;Zéro;;;Y01;L’année affichée correspond au milieu de la période d’observation de trois années (par exemple 2020 correspond aux années 2019-2021).;C04;Définitions: Espérance de vie. Données révisées pour les années 2005 - 2015;;;;;;;;;;
DATAFLOW;LU1:DF_B2307(1.0);Table de mortalité détaillée;I;C04;Espérance de vie (Ex);B02;Femmes;SL019;18;A;Annuelle;2023;;67.4787283862854;;;;0;Zéro;;;Y01;L’année affichée correspond au milieu de la période d’observation de trois années (par exemple 2020 correspond aux années 2019-2021).;C04;Définitions: Espérance de vie. Données révisées pour les années 2005 - 2015;;;;;;;;;;
DATAFLOW;LU1:DF_B2307(1.0);Table de mortalité détaillée;I;C04;Espérance de vie (Ex);B02;Femmes;SL049;48;A;Annuelle;2023;;37.9890690474327;;;;0;Zéro;;;Y01;L’année affichée correspond au milieu de la période d’observation de trois années (par exemple 2020 correspond aux années 2019-2021).;C04;Définitions: Espérance de vie. Données révisées pour les années 2005 - 2015;;;;;;;;;;
DATAFLOW;LU1:DF_B2307(1.0);Table de mortalité détaillée;I;C04;Espérance de vie (Ex);B02;Femmes;SL070;69;A;Annuelle;2023;;18.8639911096546;;;;0;Zéro;;;Y01;L’année affichée correspond au milieu de la période d’observation de trois années (par exemple 2020 correspond aux années 2019-2021).;C04;Définitions: Espérance de vie. Données révisées pour les années 2005 - 2015;;;;;;;;;;
DATAFLOW;LU1:DF_B2307(1.0);Table de mortalité détaillée;I;C04;Espérance de vie (Ex);B02;Femmes;SL087;86;A;Annuelle;2023;;6.61320838862422;;;;0;Zéro;;;Y01;L’année affichée correspond au milieu de la période d’observation de trois années (par exemple 2020 correspond aux années 2019-2021).;C04;Définitions: Espérance de vie. Données révisées pour les années 2005 - 2015;;;;;;;;;;
DATAFLOW;LU1:DF_B2307(1.0);Table de mortalité détaillée;I;C04;Espérance de vie (Ex);B01;Hommes;SL011;10;A;Annuelle;2023;;71.5320397761718;;;;0;Zéro;;;Y01;L’année affichée correspond au milieu de la période d’observation de trois années (par exemple 2020 correspond aux années 2019-2021).;C04;Définitions: Espérance de vie. Données révisées pour les années 2005 - 2015;;;;;;;;;;
DATAFLOW;LU1:DF_B2307(1.0);Table de mortalité détaillée;I;C04;Espérance de vie (Ex);B01;Hommes;SL084;83;A;Annuelle;2023;;7.14387710343036;;;;0;Zéro;;;Y01;L’année affichée correspond au milieu de la période d’observation de trois années (par exemple 2020 correspond aux années 2019-2021).;C04;Définitions: Espérance de vie. Données révisées pour les années 2005 - 2015;;;;;;;;;;
DATAFLOW;LU1:DF_B2307(1.0);Table de mortalité détaillée;I;C04;Espérance de vie (Ex);B01;Hommes;SL088;87;A;Annuelle;2023;;5.35853870002409;;;;0;Zéro;;;Y01;L’année affichée correspond au milieu de la période d’observation de trois années (par exemple 2020 correspond aux années 2019-2021).;C04;Définitions: Espérance de vie. Données révisées pour les années 2005 - 2015;;;;;;;;;;
DATAFLOW;LU1:DF_B2307(1.0);Table de mortalité détaillée;I;C04;Espérance de vie (Ex);B02;Femmes;SL011;10;A;Annuelle;2023;;75.4364084267468;;;;0;Zéro;;;Y01;L’année affichée correspond au milieu de la période d’observation de trois années (par exemple 2020 correspond aux années 2019-2021).;C04;Définitions: Espérance de vie. Données révisées pour les années 2005 - 2015;;;;;;;;;;
DATAFLOW;LU1:DF_B2307(1.0);Table de mortalité détaillée;I;C04;Espérance de vie (Ex);B02;Femmes;SL015;14;A;Annuelle;2023;;71.4787283862854;;;;0;Zéro;;;Y01;L’année affichée correspond au milieu de la période d’observation de trois années (par exemple 2020 correspond aux années 2019-2021).;C04;Définitions: Espérance de vie. Données révisées pour les années 2005 - 2015;;;;;;;;;;
DATAFLOW;LU1:DF_B2307(1.0);Table de mortalité détaillée;I;C04;Espérance de vie (Ex);B02;Femmes;SL032;31;A;Annuelle;2023;;54.5935297834536;;;;0;Zéro;;;Y01;L’année affichée correspond au milieu de la période d’observation de trois années (par exemple 2020 correspond aux années 2019-2021).;C04;Définitions: Espérance de vie. Données révisées pour les années 2005 - 2015;;;;;;;;;;
DATAFLOW;LU1:DF_B2307(1.0);Table de mortalité détaillée;I;C04;Espérance de vie (Ex);B02;Femmes;SL036;35;A;Annuelle;2023;;50.6497062618257;;;;0;Zéro;;;Y01;L’année affichée correspond au milieu de la période d’observation de trois années (par exemple 2020 correspond aux années 2019-2021).;C04;Définitions: Espérance de vie. Données révisées pour les années 2005 - 2015;;;;;;;;;;
DATAFLOW;LU1:DF_B2307(1.0);Table de mortalité détaillée;I;C04;Espérance de vie (Ex);B02;Femmes;SL053;52;A;Annuelle;2023;;34.1385354099009;;;;0;Zéro;;;Y01;L’année affichée correspond au milieu de la période d’observation de trois années (par exemple 2020 correspond aux années 2019-2021).;C04;Définitions: Espérance de vie. Données révisées pour les années 2005 - 2015;;;;;;;;;;
DATAFLOW;LU1:DF_B2307(1.0);Table de mortalité détaillée;I;C04;Espérance de vie (Ex);B02;Femmes;SL057;56;A;Annuelle;2023;;30.3756312167059;;;;0;Zéro;;;Y01;L’année affichée correspond au milieu de la période d’observation de trois années (par exemple 2020 correspond aux années 2019-2021).;C04;Définitions: Espérance de vie. Données révisées pour les années 2005 - 2015;;;;;;;;;;
DATAFLOW;LU1:DF_B2307(1.0);Table de mortalité détaillée;I;C04;Espérance de vie (Ex);B02;Femmes;SL074;73;A;Annuelle;2023;;15.6377719903522;;;;0;Zéro;;;Y01;L’année affichée correspond au milieu de la période d’observation de trois années (par exemple 2020 correspond aux années 2019-2021).;C04;Définitions: Espérance de vie. Données révisées pour les années 2005 - 2015;;;;;;;;;;
DATAFLOW;LU1:DF_B2307(1.0);Table de mortalité détaillée;I;C04;Espérance de vie (Ex);B02;Femmes;SL091;90;A;Annuelle;2023;;4.80945420341964;;;;0;Zéro;;;Y01;L’année affichée correspond au milieu de la période d’observation de trois années (par exemple 2020 correspond aux années 2019-2021).;C04;Définitions: Espérance de vie. Données révisées pour les années 2005 - 2015;;;;;;;;;;
DATAFLOW;LU1:DF_B2307(1.0);Table de mortalité détaillée;I;C04;Espérance de vie (Ex);B01;Hommes;SL029;28;A;Annuelle;2023;;53.8038233713167;;;;0;Zéro;;;Y01;L’année affichée correspond au milieu de la période d’observation de trois années (par exemple 2020 correspond aux années 2019-2021).;C04;Définitions: Espérance de vie. Données révisées pour les années 2005 - 2015;;;;;;;;;;
DATAFLOW;LU1:DF_B2307(1.0);Table de mortalité détaillée;I;C04;Espérance de vie (Ex);B01;Hommes;SL045;44;A;Annuelle;2023;;38.2379898788615;;;;0;Zéro;;;Y01;L’année affichée correspond au milieu de la période d’observation de trois années (par exemple 2020 correspond aux années 2019-2021).;C04;Définitions: Espérance de vie. Données révisées pour les années 2005 - 2015;;;;;;;;;;
DATAFLOW;LU1:DF_B2307(1.0);Table de mortalité détaillée;I;C04;Espérance de vie (Ex);B01;Hommes;SL050;49;A;Annuelle;2023;;33.4726939366087;;;;0;Zéro;;;Y01;L’année affichée correspond au milieu de la période d’observation de trois années (par exemple 2020 correspond aux années 2019-2021).;C04;Définitions: Espérance de vie. Données révisées pour les années 2005 - 2015;;;;;;;;;;
DATAFLOW;LU1:DF_B2307(1.0);Table de mortalité détaillée;I;C04;Espérance de vie (Ex);B01;Hommes;SL066;65;A;Annuelle;2023;;19.4145385782753;;;;0;Zéro;;;Y01;L’année affichée correspond au milieu de la période d’observation de trois années (par exemple 2020 correspond aux années 2019-2021).;C04;Définitions: Espérance de vie. Données révisées pour les années 2005 - 2015;;;;;;;;;;
DATAFLOW;LU1:DF_B2307(1.0);Table de mortalité détaillée;I;C04;Espérance de vie (Ex);B02;Femmes;SL007;6;A;Annuelle;2023;;79.4217495270115;;;;0;Zéro;;;Y01;L’année affichée correspond au milieu de la période d’observation de trois années (par exemple 2020 correspond aux années 2019-2021).;C04;Définitions: Espérance de vie. Données révisées pour les années 2005 - 2015;;;;;;;;;;
DATAFLOW;LU1:DF_B2307(1.0);Table de mortalité détaillée;I;C04;Espérance de vie (Ex);B02;Femmes;SL028;27;A;Annuelle;2023;;58.5427283764736;;;;0;Zéro;;;Y01;L’année affichée correspond au milieu de la période d’observation de trois années (par exemple 2020 correspond aux années 2019-2021).;C04;Définitions: Espérance de vie. Données révisées pour les années 2005 - 2015;;;;;;;;;;
DATAFLOW;LU1:DF_B2307(1.0);Table de mortalité détaillée;I;C04;Espérance de vie (Ex);B02;Femmes;SL040;39;A;Annuelle;2023;;46.714732354533;;;;0;Zéro;;;Y01;L’année affichée correspond au milieu de la période d’observation de trois années (par exemple 2020 correspond aux années 2019-2021).;C04;Définitions: Espérance de vie. Données révisées pour les années 2005 - 2015;;;;;;;;;;
DATAFLOW;LU1:DF_B2307(1.0);Table de mortalité détaillée;I;C04;Espérance de vie (Ex);B02;Femmes;SL061;60;A;Annuelle;2023;;26.7022298920675;;;;0;Zéro;;;Y01;L’année affichée correspond au milieu de la période d’observation de trois années (par exemple 2020 correspond aux années 2019-2021).;C04;Définitions: Espérance de vie. Données révisées pour les années 2005 - 2015;;;;;;;;;;
DATAFLOW;LU1:DF_B2307(1.0);Table de mortalité détaillée;I;C04;Espérance de vie (Ex);B02;Femmes;SL075;74;A;Annuelle;2023;;14.8345052892804;;;;0;Zéro;;;Y01;L’année affichée correspond au milieu de la période d’observation de trois années (par exemple 2020 correspond aux années 2019-2021).;C04;Définitions: Espérance de vie. Données révisées pour les années 2005 - 2015;;;;;;;;;;
DATAFLOW;LU1:DF_B2307(1.0);Table de mortalité détaillée;I;C04;Espérance de vie (Ex);B02;Femmes;SL095;94;A;Annuelle;2023;;3.41407371175743;;;;0;Zéro;;;Y01;L’année affichée correspond au milieu de la période d’observation de trois années (par exemple 2020 correspond aux années 2019-2021).;C04;Définitions: Espérance de vie. Données révisées pour les années 2005 - 2015;;;;;;;;;;
DATAFLOW;LU1:DF_B2307(1.0);Table de mortalité détaillée;I;C04;Espérance de vie (Ex);B02;Femmes;SL096;95 +;A;Annuelle;2023;;3.17744154057772;;;;0;Zéro;;;Y01;L’année affichée correspond au milieu de la période d’observation de trois années (par exemple 2020 correspond aux années 2019-2021).;C04;Définitions: Espérance de vie. Données révisées pour les années 2005 - 2015;;;;;;;;;;
DATAFLOW;LU1:DF_B2307(1.0);Table de mortalité détaillée;I;C04;Espérance de vie (Ex);B01;Hommes;SL016;15;A;Annuelle;2023;;66.5509075819655;;;;0;Zéro;;;Y01;L’année affichée correspond au milieu de la période d’observation de trois années (par exemple 2020 correspond aux années 2019-2021).;C04;Définitions: Espérance de vie. Données révisées pour les années 2005 - 2015;;;;;;;;;;
DATAFLOW;LU1:DF_B2307(1.0);Table de mortalité détaillée;I;C04;Espérance de vie (Ex);B01;Hommes;SL037;36;A;Annuelle;2023;;45.9611908281399;;;;0;Zéro;;;Y01;L’année affichée correspond au milieu de la période d’observation de trois années (par exemple 2020 correspond aux années 2019-2021).;C04;Définitions: Espérance de vie. Données révisées pour les années 2005 - 2015;;;;;;;;;;
DATAFLOW;LU1:DF_B2307(1.0);Table de mortalité détaillée;I;C04;Espérance de vie (Ex);B01;Hommes;SL058;57;A;Annuelle;2023;;26.1444173632296;;;;0;Zéro;;;Y01;L’année affichée correspond au milieu de la période d’observation de trois années (par exemple 2020 correspond aux années 2019-2021).;C04;Définitions: Espérance de vie. Données révisées pour les années 2005 - 2015;;;;;;;;;;
DATAFLOW;LU1:DF_B2307(1.0);Table de mortalité détaillée;I;C04;Espérance de vie (Ex);B01;Hommes;SL079;78;A;Annuelle;2023;;10.0232037902309;;;;0;Zéro;;;Y01;L’année affichée correspond au milieu de la période d’observation de trois années (par exemple 2020 correspond aux années 2019-2021).;C04;Définitions: Espérance de vie. Données révisées pour les années 2005 - 2015;;;;;;;;;;
DATAFLOW;LU1:DF_B2307(1.0);Table de mortalité détaillée;I;C04;Espérance de vie (Ex);B02;Femmes;SL006;5;A;Annuelle;2023;;80.4141339427029;;;;0;Zéro;;;Y01;L’année affichée correspond au milieu de la période d’observation de trois années (par exemple 2020 correspond aux années 2019-2021).;C04;Définitions: Espérance de vie. Données révisées pour les années 2005 - 2015;;;;;;;;;;
DATAFLOW;LU1:DF_B2307(1.0);Table de mortalité détaillée;I;C04;Espérance de vie (Ex);B02;Femmes;SL020;19;A;Annuelle;2023;;66.492435278414;;;;0;Zéro;;;Y01;L’année affichée correspond au milieu de la période d’observation de trois années (par exemple 2020 correspond aux années 2019-2021).;C04;Définitions: Espérance de vie. Données révisées pour les années 2005 - 2015;;;;;;;;;;
DATAFLOW;LU1:DF_B2307(1.0);Table de mortalité détaillée;I;C04;Espérance de vie (Ex);B02;Femmes;SL027;26;A;Annuelle;2023;;59.5307168357603;;;;0;Zéro;;;Y01;L’année affichée correspond au milieu de la période d’observation de trois années (par exemple 2020 correspond aux années 2019-2021).;C04;Définitions: Espérance de vie. Données révisées pour les années 2005 - 2015;;;;;;;;;;
DATAFLOW;LU1:DF_B2307(1.0);Table de mortalité détaillée;I;C04;Espérance de vie (Ex);B02;Femmes;SL041;40;A;Annuelle;2023;;45.7324052923359;;;;0;Zéro;;;Y01;L’année affichée correspond au milieu de la période d’observation de trois années (par exemple 2020 correspond aux années 2019-2021).;C04;Définitions: Espérance de vie. Données révisées pour les années 2005 - 2015;;;;;;;;;;
DATAFLOW;LU1:DF_B2307(1.0);Table de mortalité détaillée;I;C04;Espérance de vie (Ex);B02;Femmes;SL048;47;A;Annuelle;2023;;38.9567727864321;;;;0;Zéro;;;Y01;L’année affichée correspond au milieu de la période d’observation de trois années (par exemple 2020 correspond aux années 2019-2021).;C04;Définitions: Espérance de vie. Données révisées pour les années 2005 - 2015;;;;;;;;;;
DATAFLOW;LU1:DF_B2307(1.0);Table de mortalité détaillée;I;C04;Espérance de vie (Ex);B02;Femmes;SL062;61;A;Annuelle;2023;;25.8026666090211;;;;0;Zéro;;;Y01;L’année affichée correspond au milieu de la période d’observation de trois années (par exemple 2020 correspond aux années 2019-2021).;C04;Définitions: Espérance de vie. Données révisées pour les années 2005 - 2015;;;;;;;;;;
DATAFLOW;LU1:DF_B2307(1.0);Table de mortalité détaillée;I;C04;Espérance de vie (Ex);B02;Femmes;SL082;81;A;Annuelle;2023;;9.65938387491068;;;;0;Zéro;;;Y01;L’année affichée correspond au milieu de la période d’observation de trois années (par exemple 2020 correspond aux années 2019-2021).;C04;Définitions: Espérance de vie. Données révisées pour les années 2005 - 2015;;;;;;;;;;
DATAFLOW;LU1:DF_B2307(1.0);Table de mortalité détaillée;I;C04;Espérance de vie (Ex);B02;Femmes;SL083;82;A;Annuelle;2023;;8.99582736113286;;;;0;Zéro;;;Y01;L’année affichée correspond au milieu de la période d’observation de trois années (par exemple 2020 correspond aux années 2019-2021).;C04;Définitions: Espérance de vie. Données révisées pour les années 2005 - 2015;;;;;;;;;;
DATAFLOW;LU1:DF_B2307(1.0);Table de mortalité détaillée;I;C04;Espérance de vie (Ex);B01;Hommes;SL002;1;A;Annuelle;2023;;80.4388567183093;;;;0;Zéro;;;Y01;L’année affichée correspond au milieu de la période d’observation de trois années (par exemple 2020 correspond aux années 2019-2021).;C04;Définitions: Espérance de vie. Données révisées pour les années 2005 - 2015;;;;;;;;;;
DATAFLOW;LU1:DF_B2307(1.0);Table de mortalité détaillée;I;C04;Espérance de vie (Ex);B01;Hommes;SL038;37;A;Annuelle;2023;;44.9814814734549;;;;0;Zéro;;;Y01;L’année affichée correspond au milieu de la période d’observation de trois années (par exemple 2020 correspond aux années 2019-2021).;C04;Définitions: Espérance de vie. Données révisées pour les années 2005 - 2015;;;;;;;;;;
DATAFLOW;LU1:DF_B2307(1.0);Table de mortalité détaillée;I;C04;Espérance de vie (Ex);B01;Hommes;SL040;39;A;Annuelle;2023;;43.0321263060748;;;;0;Zéro;;;Y01;L’année affichée correspond au milieu de la période d’observation de trois années (par exemple 2020 correspond aux années 2019-2021).;C04;Définitions: Espérance de vie. Données révisées pour les années 2005 - 2015;;;;;;;;;;
DATAFLOW;LU1:DF_B2307(1.0);Table de mortalité détaillée;I;C04;Espérance de vie (Ex);B01;Hommes;SL055;54;A;Annuelle;2023;;28.8386646091081;;;;0;Zéro;;;Y01;L’année affichée correspond au milieu de la période d’observation de trois années (par exemple 2020 correspond aux années 2019-2021).;C04;Définitions: Espérance de vie. Données révisées pour les années 2005 - 2015;;;;;;;;;;
DATAFLOW;LU1:DF_B2307(1.0);Table de mortalité détaillée;I;C04;Espérance de vie (Ex);B01;Hommes;SL057;56;A;Annuelle;2023;;27.0293936681679;;;;0;Zéro;;;Y01;L’année affichée correspond au milieu de la période d’observation de trois années (par exemple 2020 correspond aux années 2019-2021).;C04;Définitions: Espérance de vie. Données révisées pour les années 2005 - 2015;;;;;;;;;;
DATAFLOW;LU1:DF_B2307(1.0);Table de mortalité détaillée;I;C04;Espérance de vie (Ex);B01;Hommes;SL093;92;A;Annuelle;2023;;3.499849554362;;;;0;Zéro;;;Y01;L’année affichée correspond au milieu de la période d’observation de trois années (par exemple 2020 correspond aux années 2019-2021).;C04;Définitions: Espérance de vie. Données révisées pour les années 2005 - 2015;;;;;;;;;;
DATAFLOW;LU1:DF_B2307(1.0);Table de mortalité détaillée;I;C04;Espérance de vie (Ex);B02;Femmes;SL035;34;A;Annuelle;2023;;51.6337980398054;;;;0;Zéro;;;Y01;L’année affichée correspond au milieu de la période d’observation de trois années (par exemple 2020 correspond aux années 2019-2021).;C04;Définitions: Espérance de vie. Données révisées pour les années 2005 - 2015;;;;;;;;;;
DATAFLOW;LU1:DF_B2307(1.0);Table de mortalité détaillée;I;C04;Espérance de vie (Ex);B02;Femmes;SL037;36;A;Annuelle;2023;;49.6653083233202;;;;0;Zéro;;;Y01;L’année affichée correspond au milieu de la période d’observation de trois années (par exemple 2020 correspond aux années 2019-2021).;C04;Définitions: Espérance de vie. Données révisées pour les années 2005 - 2015;;;;;;;;;;
DATAFLOW;LU1:DF_B2307(1.0);Table de mortalité détaillée;I;C04;Espérance de vie (Ex);B02;Femmes;SL052;51;A;Annuelle;2023;;35.1027676347321;;;;0;Zéro;;;Y01;L’année affichée correspond au milieu de la période d’observation de trois années (par exemple 2020 correspond aux années 2019-2021).;C04;Définitions: Espérance de vie. Données révisées pour les années 2005 - 2015;;;;;;;;;;
DATAFLOW;LU1:DF_B2307(1.0);Table de mortalité détaillée;I;C04;Espérance de vie (Ex);B02;Femmes;SL054;53;A;Annuelle;2023;;33.18516526966;;;;0;Zéro;;;Y01;L’année affichée correspond au milieu de la période d’observation de trois années (par exemple 2020 correspond aux années 2019-2021).;C04;Définitions: Espérance de vie. Données révisées pour les années 2005 - 2015;;;;;;;;;;
DATAFLOW;LU1:DF_B2307(1.0);Table de mortalité détaillée;I;C04;Espérance de vie (Ex);B01;Hommes;SL015;14;A;Annuelle;2023;;67.5448393519477;;;;0;Zéro;;;Y01;L’année affichée correspond au milieu de la période d’observation de trois années (par exemple 2020 correspond aux années 2019-2021).;C04;Définitions: Espérance de vie. Données révisées pour les années 2005 - 2015;;;;;;;;;;
DATAFLOW;LU1:DF_B2307(1.0);Table de mortalité détaillée;I;C04;Espérance de vie (Ex);B01;Hommes;SL025;24;A;Annuelle;2023;;57.7143944890778;;;;0;Zéro;;;Y01;L’année affichée correspond au milieu de la période d’observation de trois années (par exemple 2020 correspond aux années 2019-2021).;C04;Définitions: Espérance de vie. Données révisées pour les années 2005 - 2015;;;;;;;;;;
DATAFLOW;LU1:DF_B2307(1.0);Table de mortalité détaillée;I;C04;Espérance de vie (Ex);B01;Hommes;SL042;41;A;Annuelle;2023;;41.1134425337319;;;;0;Zéro;;;Y01;L’année affichée correspond au milieu de la période d’observation de trois années (par exemple 2020 correspond aux années 2019-2021).;C04;Définitions: Espérance de vie. Données révisées pour les années 2005 - 2015;;;;;;;;;;
DATAFLOW;LU1:DF_B2307(1.0);Table de mortalité détaillée;I;C04;Espérance de vie (Ex);B01;Hommes;SL053;52;A;Annuelle;2023;;30.6689497669252;;;;0;Zéro;;;Y01;L’année affichée correspond au milieu de la période d’observation de trois années (par exemple 2020 correspond aux années 2019-2021).;C04;Définitions: Espérance de vie. Données révisées pour les années 2005 - 2015;;;;;;;;;;
DATAFLOW;LU1:DF_B2307(1.0);Table de mortalité détaillée;I;C04;Espérance de vie (Ex);B01;Hommes;SL070;69;A;Annuelle;2023;;16.366613485988;;;;0;Zéro;;;Y01;L’année affichée correspond au milieu de la période d’observation de trois années (par exemple 2020 correspond aux années 2019-2021).;C04;Définitions: Espérance de vie. Données révisées pour les années 2005 - 2015;;;;;;;;;;
DATAFLOW;LU1:DF_B2307(1.0);Table de mortalité détaillée;I;C04;Espérance de vie (Ex);B01;Hommes;SL080;79;A;Annuelle;2023;;9.40542031213871;;;;0;Zéro;;;Y01;L’année affichée correspond au milieu de la période d’observation de trois années (par exemple 2020 correspond aux années 2019-2021).;C04;Définitions: Espérance de vie. Données révisées pour les années 2005 - 2015;;;;;;;;;;
DATAFLOW;LU1:DF_B2307(1.0);Table de mortalité détaillée;I;C04;Espérance de vie (Ex);B01;Hommes;SL095;94;A;Annuelle;2023;;3.0562171244886;;;;0;Zéro;;;Y01;L’année affichée correspond au milieu de la période d’observation de trois années (par exemple 2020 correspond aux années 2019-2021).;C04;Définitions: Espérance de vie. Données révisées pour les années 2005 - 2015;;;;;;;;;;
DATAFLOW;LU1:DF_B2307(1.0);Table de mortalité détaillée;I;C04;Espérance de vie (Ex);B02;Femmes;SL012;11;A;Annuelle;2023;;74.4435948480775;;;;0;Zéro;;;Y01;L’année affichée correspond au milieu de la période d’observation de trois années (par exemple 2020 correspond aux années 2019-2021).;C04;Définitions: Espérance de vie. Données révisées pour les années 2005 - 2015;;;;;;;;;;
DATAFLOW;LU1:DF_B2307(1.0);Table de mortalité détaillée;I;C04;Espérance de vie (Ex);B02;Femmes;SL022;21;A;Annuelle;2023;;64.5123156491583;;;;0;Zéro;;;Y01;L’année affichée correspond au milieu de la période d’observation de trois années (par exemple 2020 correspond aux années 2019-2021).;C04;Définitions: Espérance de vie. Données révisées pour les années 2005 - 2015;;;;;;;;;;
DATAFLOW;LU1:DF_B2307(1.0);Table de mortalité détaillée;I;C04;Espérance de vie (Ex);B02;Femmes;SL039;38;A;Annuelle;2023;;47.6966839094433;;;;0;Zéro;;;Y01;L’année affichée correspond au milieu de la période d’observation de trois années (par exemple 2020 correspond aux années 2019-2021).;C04;Définitions: Espérance de vie. Données révisées pour les années 2005 - 2015;;;;;;;;;;
DATAFLOW;LU1:DF_B2307(1.0);Table de mortalité détaillée;I;C04;Espérance de vie (Ex);B02;Femmes;SL050;49;A;Annuelle;2023;;37.0280360803723;;;;0;Zéro;;;Y01;L’année affichée correspond au milieu de la période d’observation de trois années (par exemple 2020 correspond aux années 2019-2021).;C04;Définitions: Espérance de vie. Données révisées pour les années 2005 - 2015;;;;;;;;;;
DATAFLOW;LU1:DF_B2307(1.0);Table de mortalité détaillée;I;C04;Espérance de vie (Ex);B02;Femmes;SL067;66;A;Annuelle;2023;;21.4101984698323;;;;0;Zéro;;;Y01;L’année affichée correspond au milieu de la période d’observation de trois années (par exemple 2020 correspond aux années 2019-2021).;C04;Définitions: Espérance de vie. Données révisées pour les années 2005 - 2015;;;;;;;;;;
DATAFLOW;LU1:DF_B2307(1.0);Table de mortalité détaillée;I;C04;Espérance de vie (Ex);B02;Femmes;SL092;91;A;Annuelle;2023;;4.43161669820915;;;;0;Zéro;;;Y01;L’année affichée correspond au milieu de la période d’observation de trois années (par exemple 2020 correspond aux années 2019-2021).;C04;Définitions: Espérance de vie. Données révisées pour les années 2005 - 2015;;;;;;;;;;
DATAFLOW;LU1:DF_B2307(1.0);Table de mortalité détaillée;I;C04;Espérance de vie (Ex);B01;Hommes;SL012;11;A;Annuelle;2023;;70.5384846375588;;;;0;Zéro;;;Y01;L’année affichée correspond au milieu de la période d’observation de trois années (par exemple 2020 correspond aux années 2019-2021).;C04;Définitions: Espérance de vie. Données révisées pour les années 2005 - 2015;;;;;;;;;;
DATAFLOW;LU1:DF_B2307(1.0);Table de mortalité détaillée;I;C04;Espérance de vie (Ex);B01;Hommes;SL013;12;A;Annuelle;2023;;69.5448393519477;;;;0;Zéro;;;Y01;L’année affichée correspond au milieu de la période d’observation de trois années (par exemple 2020 correspond aux années 2019-2021).;C04;Définitions: Espérance de vie. Données révisées pour les années 2005 - 2015;;;;;;;;;;
DATAFLOW;LU1:DF_B2307(1.0);Table de mortalité détaillée;I;C04;Espérance de vie (Ex);B01;Hommes;SL014;13;A;Annuelle;2023;;68.5448393519477;;;;0;Zéro;;;Y01;L’année affichée correspond au milieu de la période d’observation de trois années (par exemple 2020 correspond aux années 2019-2021).;C04;Définitions: Espérance de vie. Données révisées pour les années 2005 - 2015;;;;;;;;;;
DATAFLOW;LU1:DF_B2307(1.0);Table de mortalité détaillée;I;C04;Espérance de vie (Ex);B01;Hommes;SL028;27;A;Annuelle;2023;;54.7825652686072;;;;0;Zéro;;;Y01;L’année affichée correspond au milieu de la période d’observation de trois années (par exemple 2020 correspond aux années 2019-2021).;C04;Définitions: Espérance de vie. Données révisées pour les années 2005 - 2015;;;;;;;;;;
DATAFLOW;LU1:DF_B2307(1.0);Table de mortalité détaillée;I;C04;Espérance de vie (Ex);B01;Hommes;SL067;66;A;Annuelle;2023;;18.6399672446452;;;;0;Zéro;;;Y01;L’année affichée correspond au milieu de la période d’observation de trois années (par exemple 2020 correspond aux années 2019-2021).;C04;Définitions: Espérance de vie. Données révisées pour les années 2005 - 2015;;;;;;;;;;
DATAFLOW;LU1:DF_B2307(1.0);Table de mortalité détaillée;I;C04;Espérance de vie (Ex);B01;Hommes;SL082;81;A;Annuelle;2023;;8.17474034370671;;;;0;Zéro;;;Y01;L’année affichée correspond au milieu de la période d’observation de trois années (par exemple 2020 correspond aux années 2019-2021).;C04;Définitions: Espérance de vie. Données révisées pour les années 2005 - 2015;;;;;;;;;;
DATAFLOW;LU1:DF_B2307(1.0);Table de mortalité détaillée;I;C04;Espérance de vie (Ex);B01;Hommes;SL083;82;A;Annuelle;2023;;7.64367421800893;;;;0;Zéro;;;Y01;L’année affichée correspond au milieu de la période d’observation de trois années (par exemple 2020 correspond aux années 2019-2021).;C04;Définitions: Espérance de vie. Données révisées pour les années 2005 - 2015;;;;;;;;;;
DATAFLOW;LU1:DF_B2307(1.0);Table de mortalité détaillée;I;C04;Espérance de vie (Ex);B02;Femmes;SL009;8;A;Annuelle;2023;;77.4292705399745;;;;0;Zéro;;;Y01;L’année affichée correspond au milieu de la période d’observation de trois années (par exemple 2020 correspond aux années 2019-2021).;C04;Définitions: Espérance de vie. Données révisées pour les années 2005 - 2015;;;;;;;;;;
DATAFLOW;LU1:DF_B2307(1.0);Table de mortalité détaillée;I;C04;Espérance de vie (Ex);B02;Femmes;SL023;22;A;Annuelle;2023;;63.518504300548;;;;0;Zéro;;;Y01;L’année affichée correspond au milieu de la période d’observation de trois années (par exemple 2020 correspond aux années 2019-2021).;C04;Définitions: Espérance de vie. Données révisées pour les années 2005 - 2015;;;;;;;;;;
DATAFLOW;LU1:DF_B2307(1.0);Table de mortalité détaillée;I;C04;Espérance de vie (Ex);B02;Femmes;SL024;23;A;Annuelle;2023;;62.518504300548;;;;0;Zéro;;;Y01;L’année affichée correspond au milieu de la période d’observation de trois années (par exemple 2020 correspond aux années 2019-2021).;C04;Définitions: Espérance de vie. Données révisées pour les années 2005 - 2015;;;;;;;;;;
DATAFLOW;LU1:DF_B2307(1.0);Table de mortalité détaillée;I;C04;Espérance de vie (Ex);B02;Femmes;SL025;24;A;Annuelle;2023;;61.518504300548;;;;0;Zéro;;;Y01;L’année affichée correspond au milieu de la période d’observation de trois années (par exemple 2020 correspond aux années 2019-2021).;C04;Définitions: Espérance de vie. Données révisées pour les années 2005 - 2015;;;;;;;;;;
DATAFLOW;LU1:DF_B2307(1.0);Table de mortalité détaillée;I;C04;Espérance de vie (Ex);B02;Femmes;SL078;77;A;Annuelle;2023;;12.4972243353619;;;;0;Zéro;;;Y01;L’année affichée correspond au milieu de la période d’observation de trois années (par exemple 2020 correspond aux années 2019-2021).;C04;Définitions: Espérance de vie. Données révisées pour les années 2005 - 2015;;;;;;;;;;
DATAFLOW;LU1:DF_B2307(1.0);Table de mortalité détaillée;I;C04;Espérance de vie (Ex);B02;Femmes;SL079;78;A;Annuelle;2023;;11.7231896141445;;;;0;Zéro;;;Y01;L’année affichée correspond au milieu de la période d’observation de trois années (par exemple 2020 correspond aux années 2019-2021).;C04;Définitions: Espérance de vie. Données révisées pour les années 2005 - 2015;;;;;;;;;;
DATAFLOW;LU1:DF_B2307(1.0);Table de mortalité détaillée;I;C04;Espérance de vie (Ex);B02;Femmes;SL080;79;A;Annuelle;2023;;11.0469977391919;;;;0;Zéro;;;Y01;L’année affichée correspond au milieu de la période d’observation de trois années (par exemple 2020 correspond aux années 2019-2021).;C04;Définitions: Espérance de vie. Données révisées pour les années 2005 - 2015;;;;;;;;;;
DATAFLOW;LU1:DF_B2307(1.0);Table de mortalité détaillée;I;C04;Espérance de vie (Ex);B02;Femmes;SL094;93;A;Annuelle;2023;;3.77487752650972;;;;0;Zéro;;;Y01;L’année affichée correspond au milieu de la période d’observation de trois années (par exemple 2020 correspond aux années 2019-2021).;C04;Définitions: Espérance de vie. Données révisées pour les années 2005 - 2015;;;;;;;;;;
DATAFLOW;LU1:DF_B2307(1.0);Table de mortalité détaillée;I;C04;Espérance de vie (Ex);B01;Hommes;SL026;25;A;Annuelle;2023;;56.7368042632696;;;;0;Zéro;;;Y01;L’année affichée correspond au milieu de la période d’observation de trois années (par exemple 2020 correspond aux années 2019-2021).;C04;Définitions: Espérance de vie. Données révisées pour les années 2005 - 2015;;;;;;;;;;
DATAFLOW;LU1:DF_B2307(1.0);Table de mortalité détaillée;I;C04;Espérance de vie (Ex);B01;Hommes;SL027;26;A;Annuelle;2023;;55.7598852418304;;;;0;Zéro;;;Y01;L’année affichée correspond au milieu de la période d’observation de trois années (par exemple 2020 correspond aux années 2019-2021).;C04;Définitions: Espérance de vie. Données révisées pour les années 2005 - 2015;;;;;;;;;;
DATAFLOW;LU1:DF_B2307(1.0);Table de mortalité détaillée;I;C04;Espérance de vie (Ex);B01;Hommes;SL054;53;A;Annuelle;2023;;29.7558204573277;;;;0;Zéro;;;Y01;L’année affichée correspond au milieu de la période d’observation de trois années (par exemple 2020 correspond aux années 2019-2021).;C04;Définitions: Espérance de vie. Données révisées pour les années 2005 - 2015;;;;;;;;;;
DATAFLOW;LU1:DF_B2307(1.0);Table de mortalité détaillée;I;C04;Espérance de vie (Ex);B01;Hommes;SL068;67;A;Annuelle;2023;;17.8568613432239;;;;0;Zéro;;;Y01;L’année affichée correspond au milieu de la période d’observation de trois années (par exemple 2020 correspond aux années 2019-2021).;C04;Définitions: Espérance de vie. Données révisées pour les années 2005 - 2015;;;;;;;;;;
DATAFLOW;LU1:DF_B2307(1.0);Table de mortalité détaillée;I;C04;Espérance de vie (Ex);B01;Hommes;SL069;68;A;Annuelle;2023;;17.1124510015579;;;;0;Zéro;;;Y01;L’année affichée correspond au milieu de la période d’observation de trois années (par exemple 2020 correspond aux années 2019-2021).;C04;Définitions: Espérance de vie. Données révisées pour les années 2005 - 2015;;;;;;;;;;
DATAFLOW;LU1:DF_B2307(1.0);Table de mortalité détaillée;I;C04;Espérance de vie (Ex);B01;Hommes;SL096;95 +;A;Annuelle;2023;;2.75847457627119;;;;0;Zéro;;;Y01;L’année affichée correspond au milieu de la période d’observation de trois années (par exemple 2020 correspond aux années 2019-2021).;C04;Définitions: Espérance de vie. Données révisées pour les années 2005 - 2015;;;;;;;;;;
DATAFLOW;LU1:DF_B2307(1.0);Table de mortalité détaillée;I;C04;Espérance de vie (Ex);B02;Femmes;SL010;9;A;Annuelle;2023;;76.4292705399745;;;;0;Zéro;;;Y01;L’année affichée correspond au milieu de la période d’observation de trois années (par exemple 2020 correspond aux années 2019-2021).;C04;Définitions: Espérance de vie. Données révisées pour les années 2005 - 2015;;;;;;;;;;
DATAFLOW;LU1:DF_B2307(1.0);Table de mortalité détaillée;I;C04;Espérance de vie (Ex);B02;Femmes;SL038;37;A;Annuelle;2023;;48.6807453255254;;;;0;Zéro;;;Y01;L’année affichée correspond au milieu de la période d’observation de trois années (par exemple 2020 correspond aux années 2019-2021).;C04;Définitions: Espérance de vie. Données révisées pour les années 2005 - 2015;;;;;;;;;;
DATAFLOW;LU1:DF_B2307(1.0);Table de mortalité détaillée;I;C04;Espérance de vie (Ex);B02;Femmes;SL065;64;A;Annuelle;2023;;23.13208677291;;;;0;Zéro;;;Y01;L’année affichée correspond au milieu de la période d’observation de trois années (par exemple 2020 correspond aux années 2019-2021).;C04;Définitions: Espérance de vie. Données révisées pour les années 2005 - 2015;;;;;;;;;;
DATAFLOW;LU1:DF_B2307(1.0);Table de mortalité détaillée;I;C04;Espérance de vie (Ex);B02;Femmes;SL066;65;A;Annuelle;2023;;22.2706364317585;;;;0;Zéro;;;Y01;L’année affichée correspond au milieu de la période d’observation de trois années (par exemple 2020 correspond aux années 2019-2021).;C04;Définitions: Espérance de vie. Données révisées pour les années 2005 - 2015;;;;;;;;;;
DATAFLOW;LU1:DF_B2307(1.0);Table de mortalité détaillée;I;C04;Espérance de vie (Ex);B02;Femmes;SL093;92;A;Annuelle;2023;;4.12772122718735;;;;0;Zéro;;;Y01;L’année affichée correspond au milieu de la période d’observation de trois années (par exemple 2020 correspond aux années 2019-2021).;C04;Définitions: Espérance de vie. Données révisées pour les années 2005 - 2015;;;;;;;;;;
DATAFLOW;LU1:DF_B2307(1.0);Table de mortalité détaillée;I;C04;Espérance de vie (Ex);B01;Hommes;SL005;4;A;Annuelle;2023;;77.4911306405869;;;;0;Zéro;;;Y01;L’année affichée correspond au milieu de la période d’observation de trois années (par exemple 2020 correspond aux années 2019-2021).;C04;Définitions: Espérance de vie. Données révisées pour les années 2005 - 2015;;;;;;;;;;
DATAFLOW;LU1:DF_B2307(1.0);Table de mortalité détaillée;I;C04;Espérance de vie (Ex);B01;Hommes;SL022;21;A;Annuelle;2023;;60.6482642424759;;;;0;Zéro;;;Y01;L’année affichée correspond au milieu de la période d’observation de trois années (par exemple 2020 correspond aux années 2019-2021).;C04;Définitions: Espérance de vie. Données révisées pour les années 2005 - 2015;;;;;;;;;;
DATAFLOW;LU1:DF_B2307(1.0);Table de mortalité détaillée;I;C04;Espérance de vie (Ex);B01;Hommes;SL039;38;A;Annuelle;2023;;44.0013348461277;;;;0;Zéro;;;Y01;L’année affichée correspond au milieu de la période d’observation de trois années (par exemple 2020 correspond aux années 2019-2021).;C04;Définitions: Espérance de vie. Données révisées pour les années 2005 - 2015;;;;;;;;;;
DATAFLOW;LU1:DF_B2307(1.0);Table de mortalité détaillée;I;C04;Espérance de vie (Ex);B01;Hommes;SL056;55;A;Annuelle;2023;;27.9249803575191;;;;0;Zéro;;;Y01;L’année affichée correspond au milieu de la période d’observation de trois années (par exemple 2020 correspond aux années 2019-2021).;C04;Définitions: Espérance de vie. Données révisées pour les années 2005 - 2015;;;;;;;;;;
DATAFLOW;LU1:DF_B2307(1.0);Table de mortalité détaillée;I;C04;Espérance de vie (Ex);B01;Hommes;SL073;72;A;Annuelle;2023;;14.1272531842045;;;;0;Zéro;;;Y01;L’année affichée correspond au milieu de la période d’observation de trois années (par exemple 2020 correspond aux années 2019-2021).;C04;Définitions: Espérance de vie. Données révisées pour les années 2005 - 2015;;;;;;;;;;
DATAFLOW;LU1:DF_B2307(1.0);Table de mortalité détaillée;I;C04;Espérance de vie (Ex);B01;Hommes;SL090;89;A;Annuelle;2023;;4.49604857433286;;;;0;Zéro;;;Y01;L’année affichée correspond au milieu de la période d’observation de trois années (par exemple 2020 correspond aux années 2019-2021).;C04;Définitions: Espérance de vie. Données révisées pour les années 2005 - 2015;;;;;;;;;;
DATAFLOW;LU1:DF_B2307(1.0);Table de mortalité détaillée;I;C04;Espérance de vie (Ex);B01;Hommes;SL094;93;A;Annuelle;2023;;3.29095521162397;;;;0;Zéro;;;Y01;L’année affichée correspond au milieu de la période d’observation de trois années (par exemple 2020 correspond aux années 2019-2021).;C04;Définitions: Espérance de vie. Données révisées pour les années 2005 - 2015;;;;;;;;;;
DATAFLOW;LU1:DF_B2307(1.0);Table de mortalité détaillée;I;C04;Espérance de vie (Ex);B02;Femmes;SL017;16;A;Annuelle;2023;;69.4787283862854;;;;0;Zéro;;;Y01;L’année affichée correspond au milieu de la période d’observation de trois années (par exemple 2020 correspond aux années 2019-2021).;C04;Définitions: Espérance de vie. Données révisées pour les années 2005 - 2015;;;;;;;;;;
DATAFLOW;LU1:DF_B2307(1.0);Table de mortalité détaillée;I;C04;Espérance de vie (Ex);B02;Femmes;SL034;33;A;Annuelle;2023;;52.6206246227391;;;;0;Zéro;;;Y01;L’année affichée correspond au milieu de la période d’observation de trois années (par exemple 2020 correspond aux années 2019-2021).;C04;Définitions: Espérance de vie. Données révisées pour les années 2005 - 2015;;;;;;;;;;
DATAFLOW;LU1:DF_B2307(1.0);Table de mortalité détaillée;I;C04;Espérance de vie (Ex);B02;Femmes;SL051;50;A;Annuelle;2023;;36.0660041927136;;;;0;Zéro;;;Y01;L’année affichée correspond au milieu de la période d’observation de trois années (par exemple 2020 correspond aux années 2019-2021).;C04;Définitions: Espérance de vie. Données révisées pour les années 2005 - 2015;;;;;;;;;;
DATAFLOW;LU1:DF_B2307(1.0);Table de mortalité détaillée;I;C04;Espérance de vie (Ex);B02;Femmes;SL068;67;A;Annuelle;2023;;20.5666617400502;;;;0;Zéro;;;Y01;L’année affichée correspond au milieu de la période d’observation de trois années (par exemple 2020 correspond aux années 2019-2021).;C04;Définitions: Espérance de vie. Données révisées pour les années 2005 - 2015;;;;;;;;;;
DATAFLOW;LU1:DF_B2307(1.0);Table de mortalité détaillée;I;C04;Espérance de vie (Ex);B02;Femmes;SL085;84;A;Annuelle;2023;;7.77833564985746;;;;0;Zéro;;;Y01;L’année affichée correspond au milieu de la période d’observation de trois années (par exemple 2020 correspond aux années 2019-2021).;C04;Définitions: Espérance de vie. Données révisées pour les années 2005 - 2015;;;;;;;;;;
DATAFLOW;LU1:DF_B2307(1.0);Table de mortalité détaillée;I;C04;Espérance de vie (Ex);B02;Femmes;SL089;88;A;Annuelle;2023;;5.6418947754664;;;;0;Zéro;;;Y01;L’année affichée correspond au milieu de la période d’observation de trois années (par exemple 2020 correspond aux années 2019-2021).;C04;Définitions: Espérance de vie. Données révisées pour les années 2005 - 2015;;;;;;;;;;
DATAFLOW;LU1:DF_B2307(1.0);Table de mortalité détaillée;I;C04;Espérance de vie (Ex);B01;Hommes;SL001;0;A;Annuelle;2023;;81.2025234247845;;;;0;Zéro;;;Y01;L’année affichée correspond au milieu de la période d’observation de trois années (par exemple 2020 correspond aux années 2019-2021).;C04;Définitions: Espérance de vie. Données révisées pour les années 2005 - 2015;;;;;;;;;;
DATAFLOW;LU1:DF_B2307(1.0);Table de mortalité détaillée;I;C04;Espérance de vie (Ex);B01;Hommes;SL018;17;A;Annuelle;2023;;64.5754080318707;;;;0;Zéro;;;Y01;L’année affichée correspond au milieu de la période d’observation de trois années (par exemple 2020 correspond aux années 2019-2021).;C04;Définitions: Espérance de vie. Données révisées pour les années 2005 - 2015;;;;;;;;;;
DATAFLOW;LU1:DF_B2307(1.0);Table de mortalité détaillée;I;C04;Espérance de vie (Ex);B01;Hommes;SL035;34;A;Annuelle;2023;;47.909726363085;;;;0;Zéro;;;Y01;L’année affichée correspond au milieu de la période d’observation de trois années (par exemple 2020 correspond aux années 2019-2021).;C04;Définitions: Espérance de vie. Données révisées pour les années 2005 - 2015;;;;;;;;;;
DATAFLOW;LU1:DF_B2307(1.0);Table de mortalité détaillée;I;C04;Espérance de vie (Ex);B01;Hommes;SL043;42;A;Annuelle;2023;;40.1555890560136;;;;0;Zéro;;;Y01;L’année affichée correspond au milieu de la période d’observation de trois années (par exemple 2020 correspond aux années 2019-2021).;C04;Définitions: Espérance de vie. Données révisées pour les années 2005 - 2015;;;;;;;;;;
DATAFLOW;LU1:DF_B2307(1.0);Table de mortalité détaillée;I;C04;Espérance de vie (Ex);B01;Hommes;SL060;59;A;Annuelle;2023;;24.4138415994311;;;;0;Zéro;;;Y01;L’année affichée correspond au milieu de la période d’observation de trois années (par exemple 2020 correspond aux années 2019-2021).;C04;Définitions: Espérance de vie. Données révisées pour les années 2005 - 2015;;;;;;;;;;
DATAFLOW;LU1:DF_B2307(1.0);Table de mortalité détaillée;I;C04;Espérance de vie (Ex);B01;Hommes;SL077;76;A;Annuelle;2023;;11.3263510274455;;;;0;Zéro;;;Y01;L’année affichée correspond au milieu de la période d’observation de trois années (par exemple 2020 correspond aux années 2019-2021).;C04;Définitions: Espérance de vie. Données révisées pour les années 2005 - 2015;;;;;;;;;;
DATAFLOW;LU1:DF_B2307(1.0);Table de mortalité détaillée;I;C04;Espérance de vie (Ex);B01;Hommes;SL081;80;A;Annuelle;2023;;8.76699696679922;;;;0;Zéro;;;Y01;L’année affichée correspond au milieu de la période d’observation de trois années (par exemple 2020 correspond aux années 2019-2021).;C04;Définitions: Espérance de vie. Données révisées pour les années 2005 - 2015;;;;;;;;;;
DATAFLOW;LU1:DF_B2307(1.0);Table de mortalité détaillée;I;C04;Espérance de vie (Ex);B02;Femmes;SL004;3;A;Annuelle;2023;;82.4063165296366;;;;0;Zéro;;;Y01;L’année affichée correspond au milieu de la période d’observation de trois années (par exemple 2020 correspond aux années 2019-2021).;C04;Définitions: Espérance de vie. Données révisées pour les années 2005 - 2015;;;;;;;;;;
DATAFLOW;LU1:DF_B2307(1.0);Table de mortalité détaillée;I;C04;Espérance de vie (Ex);B02;Femmes;SL047;46;A;Annuelle;2023;;39.9240692864019;;;;0;Zéro;;;Y01;L’année affichée correspond au milieu de la période d’observation de trois années (par exemple 2020 correspond aux années 2019-2021).;C04;Définitions: Espérance de vie. Données révisées pour les années 2005 - 2015;;;;;;;;;;
DATAFLOW;LU1:DF_B2307(1.0);Table de mortalité détaillée;I;C04;Espérance de vie (Ex);B02;Femmes;SL064;63;A;Annuelle;2023;;24.0083585699104;;;;0;Zéro;;;Y01;L’année affichée correspond au milieu de la période d’observation de trois années (par exemple 2020 correspond aux années 2019-2021).;C04;Définitions: Espérance de vie. Données révisées pour les années 2005 - 2015;;;;;;;;;;
DATAFLOW;LU1:DF_B2307(1.0);Table de mortalité détaillée;I;C04;Espérance de vie (Ex);B02;Femmes;SL081;80;A;Annuelle;2023;;10.3520550357346;;;;0;Zéro;;;Y01;L’année affichée correspond au milieu de la période d’observation de trois années (par exemple 2020 correspond aux années 2019-2021).;C04;Définitions: Espérance de vie. Données révisées pour les années 2005 - 2015;;;;;;;;;;
DATAFLOW;LU1:DF_B2307(1.0);Table de mortalité détaillée;I;C04;Espérance de vie (Ex);B01;Hommes;SL030;29;A;Annuelle;2023;;52.8166514378281;;;;0;Zéro;;;Y01;L’année affichée correspond au milieu de la période d’observation de trois années (par exemple 2020 correspond aux années 2019-2021).;C04;Définitions: Espérance de vie. Données révisées pour les années 2005 - 2015;;;;;;;;;;
DATAFLOW;LU1:DF_B2307(1.0);Table de mortalité détaillée;I;C04;Espérance de vie (Ex);B01;Hommes;SL031;30;A;Annuelle;2023;;51.8323249605333;;;;0;Zéro;;;Y01;L’année affichée correspond au milieu de la période d’observation de trois années (par exemple 2020 correspond aux années 2019-2021).;C04;Définitions: Espérance de vie. Données révisées pour les années 2005 - 2015;;;;;;;;;;
DATAFLOW;LU1:DF_B2307(1.0);Table de mortalité détaillée;I;C04;Espérance de vie (Ex);B01;Hommes;SL052;51;A;Annuelle;2023;;31.5890819639281;;;;0;Zéro;;;Y01;L’année affichée correspond au milieu de la période d’observation de trois années (par exemple 2020 correspond aux années 2019-2021).;C04;Définitions: Espérance de vie. Données révisées pour les années 2005 - 2015;;;;;;;;;;
DATAFLOW;LU1:DF_B2307(1.0);Table de mortalité détaillée;I;C04;Espérance de vie (Ex);B01;Hommes;SL064;63;A;Annuelle;2023;;21.0511634269025;;;;0;Zéro;;;Y01;L’année affichée correspond au milieu de la période d’observation de trois années (par exemple 2020 correspond aux années 2019-2021).;C04;Définitions: Espérance de vie. Données révisées pour les années 2005 - 2015;;;;;;;;;;
DATAFLOW;LU1:DF_B2307(1.0);Table de mortalité détaillée;I;C04;Espérance de vie (Ex);B01;Hommes;SL085;84;A;Annuelle;2023;;6.67519751441515;;;;0;Zéro;;;Y01;L’année affichée correspond au milieu de la période d’observation de trois années (par exemple 2020 correspond aux années 2019-2021).;C04;Définitions: Espérance de vie. Données révisées pour les années 2005 - 2015;;;;;;;;;;
DATAFLOW;LU1:DF_B2307(1.0);Table de mortalité détaillée;I;C04;Espérance de vie (Ex);B02;Femmes;SL008;7;A;Annuelle;2023;;78.4292705399745;;;;0;Zéro;;;Y01;L’année affichée correspond au milieu de la période d’observation de trois années (par exemple 2020 correspond aux années 2019-2021).;C04;Définitions: Espérance de vie. Données révisées pour les années 2005 - 2015;;;;;;;;;;
DATAFLOW;LU1:DF_B2307(1.0);Table de mortalité détaillée;I;C04;Espérance de vie (Ex);B02;Femmes;SL026;25;A;Annuelle;2023;;60.518504300548;;;;0;Zéro;;;Y01;L’année affichée correspond au milieu de la période d’observation de trois années (par exemple 2020 correspond aux années 2019-2021).;C04;Définitions: Espérance de vie. Données révisées pour les années 2005 - 2015;;;;;;;;;;
DATAFLOW;LU1:DF_B2307(1.0);Table de mortalité détaillée;I;C04;Espérance de vie (Ex);B02;Femmes;SL042;41;A;Annuelle;2023;;44.7592255741576;;;;0;Zéro;;;Y01;L’année affichée correspond au milieu de la période d’observation de trois années (par exemple 2020 correspond aux années 2019-2021).;C04;Définitions: Espérance de vie. Données révisées pour les années 2005 - 2015;;;;;;;;;;
DATAFLOW;LU1:DF_B2307(1.0);Table de mortalité détaillée;I;C04;Espérance de vie (Ex);B02;Femmes;SL063;62;A;Annuelle;2023;;24.9048658971423;;;;0;Zéro;;;Y01;L’année affichée correspond au milieu de la période d’observation de trois années (par exemple 2020 correspond aux années 2019-2021).;C04;Définitions: Espérance de vie. Données révisées pour les années 2005 - 2015;;;;;;;;;;
DATAFLOW;LU1:DF_B2307(1.0);Table de mortalité détaillée;I;C04;Espérance de vie (Ex);B02;Femmes;SL077;76;A;Annuelle;2023;;13.2618282930656;;;;0;Zéro;;;Y01;L’année affichée correspond au milieu de la période d’observation de trois années (par exemple 2020 correspond aux années 2019-2021).;C04;Définitions: Espérance de vie. Données révisées pour les années 2005 - 2015;;;;;;;;;;
DATAFLOW;LU1:DF_B2307(1.0);Table de mortalité détaillée;I;C04;Espérance de vie (Ex);B01;Hommes;SL009;8;A;Annuelle;2023;;73.519077205897;;;;0;Zéro;;;Y01;L’année affichée correspond au milieu de la période d’observation de trois années (par exemple 2020 correspond aux années 2019-2021).;C04;Définitions: Espérance de vie. Données révisées pour les années 2005 - 2015;;;;;;;;;;
DATAFLOW;LU1:DF_B2307(1.0);Table de mortalité détaillée;I;C04;Espérance de vie (Ex);B01;Hommes;SL010;9;A;Annuelle;2023;;72.5256028841852;;;;0;Zéro;;;Y01;L’année affichée correspond au milieu de la période d’observation de trois années (par exemple 2020 correspond aux années 2019-2021).;C04;Définitions: Espérance de vie. Données révisées pour les années 2005 - 2015;;;;;;;;;;
DATAFLOW;LU1:DF_B2307(1.0);Table de mortalité détaillée;I;C04;Espérance de vie (Ex);B01;Hommes;SL017;16;A;Annuelle;2023;;65.5632500854845;;;;0;Zéro;;;Y01;L’année affichée correspond au milieu de la période d’observation de trois années (par exemple 2020 correspond aux années 2019-2021).;C04;Définitions: Espérance de vie. Données révisées pour les années 2005 - 2015;;;;;;;;;;
DATAFLOW;LU1:DF_B2307(1.0);Table de mortalité détaillée;I;C04;Espérance de vie (Ex);B01;Hommes;SL044;43;A;Annuelle;2023;;39.1972933694681;;;;0;Zéro;;;Y01;L’année affichée correspond au milieu de la période d’observation de trois années (par exemple 2020 correspond aux années 2019-2021).;C04;Définitions: Espérance de vie. Données révisées pour les années 2005 - 2015;;;;;;;;;;
DATAFLOW;LU1:DF_B2307(1.0);Table de mortalité détaillée;I;C04;Espérance de vie (Ex);B01;Hommes;SL051;50;A;Annuelle;2023;;32.5229189083324;;;;0;Zéro;;;Y01;L’année affichée correspond au milieu de la période d’observation de trois années (par exemple 2020 correspond aux années 2019-2021).;C04;Définitions: Espérance de vie. Données révisées pour les années 2005 - 2015;;;;;;;;;;
DATAFLOW;LU1:DF_B2307(1.0);Table de mortalité détaillée;I;C04;Espérance de vie (Ex);B01;Hommes;SL065;64;A;Annuelle;2023;;20.2346316291491;;;;0;Zéro;;;Y01;L’année affichée correspond au milieu de la période d’observation de trois années (par exemple 2020 correspond aux années 2019-2021).;C04;Définitions: Espérance de vie. Données révisées pour les années 2005 - 2015;;;;;;;;;;
DATAFLOW;LU1:DF_B2307(1.0);Table de mortalité détaillée;I;C04;Espérance de vie (Ex);B01;Hommes;SL072;71;A;Annuelle;2023;;14.8600272930821;;;;0;Zéro;;;Y01;L’année affichée correspond au milieu de la période d’observation de trois années (par exemple 2020 correspond aux années 2019-2021).;C04;Définitions: Espérance de vie. Données révisées pour les années 2005 - 2015;;;;;;;;;;
DATAFLOW;LU1:DF_B2307(1.0);Table de mortalité détaillée;I;C04;Espérance de vie (Ex);B01;Hommes;SL086;85;A;Annuelle;2023;;6.20311091272286;;;;0;Zéro;;;Y01;L’année affichée correspond au milieu de la période d’observation de trois années (par exemple 2020 correspond aux années 2019-2021).;C04;Définitions: Espérance de vie. Données révisées pour les années 2005 - 2015;;;;;;;;;;
DATAFLOW;LU1:DF_B2307(1.0);Table de mortalité détaillée;I;C04;Espérance de vie (Ex);B02;Femmes;SL013;12;A;Annuelle;2023;;73.4507874549399;;;;0;Zéro;;;Y01;L’année affichée correspond au milieu de la période d’observation de trois années (par exemple 2020 correspond aux années 2019-2021).;C04;Définitions: Espérance de vie. Données révisées pour les années 2005 - 2015;;;;;;;;;;
DATAFLOW;LU1:DF_B2307(1.0);Table de mortalité détaillée;I;C04;Espérance de vie (Ex);B02;Femmes;SL021;20;A;Annuelle;2023;;65.505940330144;;;;0;Zéro;;;Y01;L’année affichée correspond au milieu de la période d’observation de trois années (par exemple 2020 correspond aux années 2019-2021).;C04;Définitions: Espérance de vie. Données révisées pour les années 2005 - 2015;;;;;;;;;;
DATAFLOW;LU1:DF_B2307(1.0);Table de mortalité détaillée;I;C04;Espérance de vie (Ex);B02;Femmes;SL055;54;A;Annuelle;2023;;32.240823277782;;;;0;Zéro;;;Y01;L’année affichée correspond au milieu de la période d’observation de trois années (par exemple 2020 correspond aux années 2019-2021).;C04;Définitions: Espérance de vie. Données révisées pour les années 2005 - 2015;;;;;;;;;;
DATAFLOW;LU1:DF_B2307(1.0);Table de mortalité détaillée;I;C04;Espérance de vie (Ex);B02;Femmes;SL076;75;A;Annuelle;2023;;14.0448108340089;;;;0;Zéro;;;Y01;L’année affichée correspond au milieu de la période d’observation de trois années (par exemple 2020 correspond aux années 2019-2021).;C04;Définitions: Espérance de vie. Données révisées pour les années 2005 - 2015;;;;;;;;;;
DATAFLOW;LU1:DF_B2307(1.0);Table de mortalité détaillée;I;C04;Espérance de vie (Ex);B02;Femmes;SL090;89;A;Annuelle;2023;;5.21963576147386;;;;0;Zéro;;;Y01;L’année affichée correspond au milieu de la période d’observation de trois années (par exemple 2020 correspond aux années 2019-2021).;C04;Définitions: Espérance de vie. Données révisées pour les années 2005 - 2015;;;;;;;;;;
DATAFLOW;LU1:DF_B2307(1.0);Table de mortalité détaillée;I;C04;Espérance de vie (Ex);B01;Hommes;SL004;3;A;Annuelle;2023;;78.4838263904684;;;;0;Zéro;;;Y01;L’année affichée correspond au milieu de la période d’observation de trois années (par exemple 2020 correspond aux années 2019-2021).;C04;Définitions: Espérance de vie. Données révisées pour les années 2005 - 2015;;;;;;;;;;
DATAFLOW;LU1:DF_B2307(1.0);Table de mortalité détaillée;I;C04;Espérance de vie (Ex);B01;Hommes;SL019;18;A;Annuelle;2023;;63.5869573123379;;;;0;Zéro;;;Y01;L’année affichée correspond au milieu de la période d’observation de trois années (par exemple 2020 correspond aux années 2019-2021).;C04;Définitions: Espérance de vie. Données révisées pour les années 2005 - 2015;;;;;;;;;;
DATAFLOW;LU1:DF_B2307(1.0);Table de mortalité détaillée;I;C04;Espérance de vie (Ex);B01;Hommes;SL021;20;A;Annuelle;2023;;61.6206739955587;;;;0;Zéro;;;Y01;L’année affichée correspond au milieu de la période d’observation de trois années (par exemple 2020 correspond aux années 2019-2021).;C04;Définitions: Espérance de vie. Données révisées pour les années 2005 - 2015;;;;;;;;;;
DATAFLOW;LU1:DF_B2307(1.0);Table de mortalité détaillée;I;C04;Espérance de vie (Ex);B01;Hommes;SL023;22;A;Annuelle;2023;;59.6699080943083;;;;0;Zéro;;;Y01;L’année affichée correspond au milieu de la période d’observation de trois années (par exemple 2020 correspond aux années 2019-2021).;C04;Définitions: Espérance de vie. Données révisées pour les années 2005 - 2015;;;;;;;;;;
DATAFLOW;LU1:DF_B2307(1.0);Table de mortalité détaillée;I;C04;Espérance de vie (Ex);B01;Hommes;SL059;58;A;Annuelle;2023;;25.2798298532668;;;;0;Zéro;;;Y01;L’année affichée correspond au milieu de la période d’observation de trois années (par exemple 2020 correspond aux années 2019-2021).;C04;Définitions: Espérance de vie. Données révisées pour les années 2005 - 2015;;;;;;;;;;
DATAFLOW;LU1:DF_B2307(1.0);Table de mortalité détaillée;I;C04;Espérance de vie (Ex);B01;Hommes;SL074;73;A;Annuelle;2023;;13.4054225481672;;;;0;Zéro;;;Y01;L’année affichée correspond au milieu de la période d’observation de trois années (par exemple 2020 correspond aux années 2019-2021).;C04;Définitions: Espérance de vie. Données révisées pour les années 2005 - 2015;;;;;;;;;;
DATAFLOW;LU1:DF_B2307(1.0);Table de mortalité détaillée;I;C04;Espérance de vie (Ex);B01;Hommes;SL076;75;A;Annuelle;2023;;12.0104450961296;;;;0;Zéro;;;Y01;L’année affichée correspond au milieu de la période d’observation de trois années (par exemple 2020 correspond aux années 2019-2021).;C04;Définitions: Espérance de vie. Données révisées pour les années 2005 - 2015;;;;;;;;;;
DATAFLOW;LU1:DF_B2307(1.0);Table de mortalité détaillée;I;C04;Espérance de vie (Ex);B01;Hommes;SL078;77;A;Annuelle;2023;;10.6465388582017;;;;0;Zéro;;;Y01;L’année affichée correspond au milieu de la période d’observation de trois années (par exemple 2020 correspond aux années 2019-2021).;C04;Définitions: Espérance de vie. Données révisées pour les années 2005 - 2015;;;;;;;;;;
DATAFLOW;LU1:DF_B2307(1.0);Table de mortalité détaillée;I;C04;Espérance de vie (Ex);B02;Femmes;SL014;13;A;Annuelle;2023;;72.4648529687652;;;;0;Zéro;;;Y01;L’année affichée correspond au milieu de la période d’observation de trois années (par exemple 2020 correspond aux années 2019-2021).;C04;Définitions: Espérance de vie. Données révisées pour les années 2005 - 2015;;;;;;;;;;
DATAFLOW;LU1:DF_B2307(1.0);Table de mortalité détaillée;I;C04;Espérance de vie (Ex);B02;Femmes;SL016;15;A;Annuelle;2023;;70.4787283862854;;;;0;Zéro;;;Y01;L’année affichée correspond au milieu de la période d’observation de trois années (par exemple 2020 correspond aux années 2019-2021).;C04;Définitions: Espérance de vie. Données révisées pour les années 2005 - 2015;;;;;;;;;;
DATAFLOW;LU1:DF_B2307(1.0);Table de mortalité détaillée;I;C04;Espérance de vie (Ex);B02;Femmes;SL018;17;A;Annuelle;2023;;68.4787283862854;;;;0;Zéro;;;Y01;L’année affichée correspond au milieu de la période d’observation de trois années (par exemple 2020 correspond aux années 2019-2021).;C04;Définitions: Espérance de vie. Données révisées pour les années 2005 - 2015;;;;;;;;;;
DATAFLOW;LU1:DF_B2307(1.0);Table de mortalité détaillée;I;C04;Espérance de vie (Ex);B02;Femmes;SL033;32;A;Annuelle;2023;;53.6072018496191;;;;0;Zéro;;;Y01;L’année affichée correspond au milieu de la période d’observation de trois années (par exemple 2020 correspond aux années 2019-2021).;C04;Définitions: Espérance de vie. Données révisées pour les années 2005 - 2015;;;;;;;;;;
DATAFLOW;LU1:DF_B2307(1.0);Table de mortalité détaillée;I;C04;Espérance de vie (Ex);B02;Femmes;SL069;68;A;Annuelle;2023;;19.7185359379133;;;;0;Zéro;;;Y01;L’année affichée correspond au milieu de la période d’observation de trois années (par exemple 2020 correspond aux années 2019-2021).;C04;Définitions: Espérance de vie. Données révisées pour les années 2005 - 2015;;;;;;;;;;
DATAFLOW;LU1:DF_B2307(1.0);Table de mortalité détaillée;I;C04;Espérance de vie (Ex);B02;Femmes;SL071;70;A;Annuelle;2023;;18.0305159660646;;;;0;Zéro;;;Y01;L’année affichée correspond au milieu de la période d’observation de trois années (par exemple 2020 correspond aux années 2019-2021).;C04;Définitions: Espérance de vie. Données révisées pour les années 2005 - 2015;;;;;;;;;;
DATAFLOW;LU1:DF_B2307(1.0);Table de mortalité détaillée;I;C04;Espérance de vie (Ex);B02;Femmes;SL073;72;A;Annuelle;2023;;16.4343012639175;;;;0;Zéro;;;Y01;L’année affichée correspond au milieu de la période d’observation de trois années (par exemple 2020 correspond aux années 2019-2021).;C04;Définitions: Espérance de vie. Données révisées pour les années 2005 - 2015;;;;;;;;;;
DATAFLOW;LU1:DF_B2307(1.0);Table de mortalité détaillée;I;C04;Espérance de vie (Ex);B01;Hommes;SL008;7;A;Annuelle;2023;;74.5123140758129;;;;0;Zéro;;;Y01;L’année affichée correspond au milieu de la période d’observation de trois années (par exemple 2020 correspond aux années 2019-2021).;C04;Définitions: Espérance de vie. Données révisées pour les années 2005 - 2015;;;;;;;;;;
DATAFLOW;LU1:DF_B2307(1.0);Table de mortalité détaillée;I;C04;Espérance de vie (Ex);B01;Hommes;SL032;31;A;Annuelle;2023;;50.8477035893;;;;0;Zéro;;;Y01;L’année affichée correspond au milieu de la période d’observation de trois années (par exemple 2020 correspond aux années 2019-2021).;C04;Définitions: Espérance de vie. Données révisées pour les années 2005 - 2015;;;;;;;;;;
DATAFLOW;LU1:DF_B2307(1.0);Table de mortalité détaillée;I;C04;Espérance de vie (Ex);B01;Hommes;SL036;35;A;Annuelle;2023;;46.9357256646277;;;;0;Zéro;;;Y01;L’année affichée correspond au milieu de la période d’observation de trois années (par exemple 2020 correspond aux années 2019-2021).;C04;Définitions: Espérance de vie. Données révisées pour les années 2005 - 2015;;;;;;;;;;
DATAFLOW;LU1:DF_B2307(1.0);Table de mortalité détaillée;I;C04;Espérance de vie (Ex);B01;Hommes;SL046;45;A;Annuelle;2023;;37.2776775243237;;;;0;Zéro;;;Y01;L’année affichée correspond au milieu de la période d’observation de trois années (par exemple 2020 correspond aux années 2019-2021).;C04;Définitions: Espérance de vie. Données révisées pour les années 2005 - 2015;;;;;;;;;;
DATAFLOW;LU1:DF_B2307(1.0);Table de mortalité détaillée;I;C04;Espérance de vie (Ex);B01;Hommes;SL063;62;A;Annuelle;2023;;21.8920376616316;;;;0;Zéro;;;Y01;L’année affichée correspond au milieu de la période d’observation de trois années (par exemple 2020 correspond aux années 2019-2021).;C04;Définitions: Espérance de vie. Données révisées pour les années 2005 - 2015;;;;;;;;;;
DATAFLOW;LU1:DF_B2307(1.0);Table de mortalité détaillée;I;C04;Espérance de vie (Ex);B01;Hommes;SL087;86;A;Annuelle;2023;;5.77485135510109;;;;0;Zéro;;;Y01;L’année affichée correspond au milieu de la période d’observation de trois années (par exemple 2020 correspond aux années 2019-2021).;C04;Définitions: Espérance de vie. Données révisées pour les années 2005 - 2015;;;;;;;;;;
DATAFLOW;LU1:DF_B2307(1.0);Table de mortalité détaillée;I;C04;Espérance de vie (Ex);B01;Hommes;SL091;90;A;Annuelle;2023;;4.15670847089238;;;;0;Zéro;;;Y01;L’année affichée correspond au milieu de la période d’observation de trois années (par exemple 2020 correspond aux années 2019-2021).;C04;Définitions: Espérance de vie. Données révisées pour les années 2005 - 2015;;;;;;;;;;
DATAFLOW;LU1:DF_B2307(1.0);Table de mortalité détaillée;I;C04;Espérance de vie (Ex);B02;Femmes;SL001;0;A;Annuelle;2023;;85.2574178319497;;;;0;Zéro;;;Y01;L’année affichée correspond au milieu de la période d’observation de trois années (par exemple 2020 correspond aux années 2019-2021).;C04;Définitions: Espérance de vie. Données révisées pour les années 2005 - 2015;;;;;;;;;;
DATAFLOW;LU1:DF_B2307(1.0);Table de mortalité détaillée;I;C04;Espérance de vie (Ex);B02;Femmes;SL005;4;A;Annuelle;2023;;81.4063165296366;;;;0;Zéro;;;Y01;L’année affichée correspond au milieu de la période d’observation de trois années (par exemple 2020 correspond aux années 2019-2021).;C04;Définitions: Espérance de vie. Données révisées pour les années 2005 - 2015;;;;;;;;;;
DATAFLOW;LU1:DF_B2307(1.0);Table de mortalité détaillée;I;C04;Espérance de vie (Ex);B02;Femmes;SL029;28;A;Annuelle;2023;;57.5540748193192;;;;0;Zéro;;;Y01;L’année affichée correspond au milieu de la période d’observation de trois années (par exemple 2020 correspond aux années 2019-2021).;C04;Définitions: Espérance de vie. Données révisées pour les années 2005 - 2015;;;;;;;;;;
DATAFLOW;LU1:DF_B2307(1.0);Table de mortalité détaillée;I;C04;Espérance de vie (Ex);B02;Femmes;SL046;45;A;Annuelle;2023;;40.8905640487008;;;;0;Zéro;;;Y01;L’année affichée correspond au milieu de la période d’observation de trois années (par exemple 2020 correspond aux années 2019-2021).;C04;Définitions: Espérance de vie. Données révisées pour les années 2005 - 2015;;;;;;;;;;
DATAFLOW;LU1:DF_B2307(1.0);Table de mortalité détaillée;I;C04;Espérance de vie (Ex);B02;Femmes;SL056;55;A;Annuelle;2023;;31.299189691812;;;;0;Zéro;;;Y01;L’année affichée correspond au milieu de la période d’observation de trois années (par exemple 2020 correspond aux années 2019-2021).;C04;Définitions: Espérance de vie. Données révisées pour les années 2005 - 2015;;;;;;;;;;
DATAFLOW;LU1:DF_B2307(1.0);Table de mortalité détaillée;I;C04;Espérance de vie (Ex);B02;Femmes;SL060;59;A;Annuelle;2023;;27.6068852886664;;;;0;Zéro;;;Y01;L’année affichée correspond au milieu de la période d’observation de trois années (par exemple 2020 correspond aux années 2019-2021).;C04;Définitions: Espérance de vie. Données révisées pour les années 2005 - 2015;;;;;;;;;;
DATAFLOW;LU1:DF_B2307(1.0);Table de mortalité détaillée;I;C04;Espérance de vie (Ex);B02;Femmes;SL084;83;A;Annuelle;2023;;8.39644674247851;;;;0;Zéro;;;Y01;L’année affichée correspond au milieu de la période d’observation de trois années (par exemple 2020 correspond aux années 2019-2021).;C04;Définitions: Espérance de vie. Données révisées pour les années 2005 - 2015;;;;;;;;;;
DATAFLOW;LU1:DF_B2307(1.0);Table de mortalité détaillée;I;C04;Espérance de vie (Ex);B02;Femmes;SL088;87;A;Annuelle;2023;;6.13883004446854;;;;0;Zéro;;;Y01;L’année affichée correspond au milieu de la période d’observation de trois années (par exemple 2020 correspond aux années 2019-2021).;C04;Définitions: Espérance de vie. Données révisées pour les années 2005 - 2015;;;;;;;;;;
DATAFLOW;LU1:DF_B2307(1.0);Table de mortalité détaillée;I;C04;Espérance de vie (Ex);B01;Hommes;SL033;32;A;Annuelle;2023;;49.8687878479298;;;;0;Zéro;;;Y01;L’année affichée correspond au milieu de la période d’observation de trois années (par exemple 2020 correspond aux années 2019-2021).;C04;Définitions: Espérance de vie. Données révisées pour les années 2005 - 2015;;;;;;;;;;
DATAFLOW;LU1:DF_B2307(1.0);Table de mortalité détaillée;I;C04;Espérance de vie (Ex);B01;Hommes;SL047;46;A;Annuelle;2023;;36.3146660363666;;;;0;Zéro;;;Y01;L’année affichée correspond au milieu de la période d’observation de trois années (par exemple 2020 correspond aux années 2019-2021).;C04;Définitions: Espérance de vie. Données révisées pour les années 2005 - 2015;;;;;;;;;;
DATAFLOW;LU1:DF_B2307(1.0);Table de mortalité détaillée;I;C04;Espérance de vie (Ex);B01;Hommes;SL048;47;A;Annuelle;2023;;35.3705865630858;;;;0;Zéro;;;Y01;L’année affichée correspond au milieu de la période d’observation de trois années (par exemple 2020 correspond aux années 2019-2021).;C04;Définitions: Espérance de vie. Données révisées pour les années 2005 - 2015;;;;;;;;;;
DATAFLOW;LU1:DF_B2307(1.0);Table de mortalité détaillée;I;C04;Espérance de vie (Ex);B01;Hommes;SL049;48;A;Annuelle;2023;;34.4210244401271;;;;0;Zéro;;;Y01;L’année affichée correspond au milieu de la période d’observation de trois années (par exemple 2020 correspond aux années 2019-2021).;C04;Définitions: Espérance de vie. Données révisées pour les années 2005 - 2015;;;;;;;;;;
DATAFLOW;LU1:DF_B2307(1.0);Table de mortalité détaillée;I;C04;Espérance de vie (Ex);B02;Femmes;SL043;42;A;Annuelle;2023;;43.7941234456925;;;;0;Zéro;;;Y01;L’année affichée correspond au milieu de la période d’observation de trois années (par exemple 2020 correspond aux années 2019-2021).;C04;Définitions: Espérance de vie. Données révisées pour les années 2005 - 2015;;;;;;;;;;
DATAFLOW;LU1:DF_B2307(1.0);Table de mortalité détaillée;I;C04;Espérance de vie (Ex);B02;Femmes;SL044;43;A;Annuelle;2023;;42.8282603457088;;;;0;Zéro;;;Y01;L’année affichée correspond au milieu de la période d’observation de trois années (par exemple 2020 correspond aux années 2019-2021).;C04;Définitions: Espérance de vie. Données révisées pour les années 2005 - 2015;;;;;;;;;;
DATAFLOW;LU1:DF_B2307(1.0);Table de mortalité détaillée;I;C04;Espérance de vie (Ex);B02;Femmes;SL045;44;A;Annuelle;2023;;41.8597727049388;;;;0;Zéro;;;Y01;L’année affichée correspond au milieu de la période d’observation de trois années (par exemple 2020 correspond aux années 2019-2021).;C04;Définitions: Espérance de vie. Données révisées pour les années 2005 - 2015;;;;;;;;;;
DATAFLOW;LU1:DF_B2307(1.0);Table de mortalité détaillée;I;C04;Espérance de vie (Ex);B02;Femmes;SL059;58;A;Annuelle;2023;;28.5138913235672;;;;0;Zéro;;;Y01;L’année affichée correspond au milieu de la période d’observation de trois années (par exemple 2020 correspond aux années 2019-2021).;C04;Définitions: Espérance de vie. Données révisées pour les années 2005 - 2015;;;;;;;;;;
DATAFLOW;LU1:DF_B2307(1.0);Table de mortalité détaillée;I;C04;Espérance de vie (Ex);B01;Hommes;SL006;5;A;Annuelle;2023;;76.4983419111944;;;;0;Zéro;;;Y01;L’année affichée correspond au milieu de la période d’observation de trois années (par exemple 2020 correspond aux années 2019-2021).;C04;Définitions: Espérance de vie. Données révisées pour les années 2005 - 2015;;;;;;;;;;
DATAFLOW;LU1:DF_B2307(1.0);Table de mortalité détaillée;I;C04;Espérance de vie (Ex);B01;Hommes;SL020;19;A;Annuelle;2023;;62.5983284293733;;;;0;Zéro;;;Y01;L’année affichée correspond au milieu de la période d’observation de trois années (par exemple 2020 correspond aux années 2019-2021).;C04;Définitions: Espérance de vie. Données révisées pour les années 2005 - 2015;;;;;;;;;;
DATAFLOW;LU1:DF_B2307(1.0);Table de mortalité détaillée;I;C04;Espérance de vie (Ex);B01;Hommes;SL034;33;A;Annuelle;2023;;48.8894621630825;;;;0;Zéro;;;Y01;L’année affichée correspond au milieu de la période d’observation de trois années (par exemple 2020 correspond aux années 2019-2021).;C04;Définitions: Espérance de vie. Données révisées pour les années 2005 - 2015;;;;;;;;;;
DATAFLOW;LU1:DF_B2307(1.0);Table de mortalité détaillée;I;C04;Espérance de vie (Ex);B01;Hommes;SL061;60;A;Annuelle;2023;;23.5630753544236;;;;0;Zéro;;;Y01;L’année affichée correspond au milieu de la période d’observation de trois années (par exemple 2020 correspond aux années 2019-2021).;C04;Définitions: Espérance de vie. Données révisées pour les années 2005 - 2015;;;;;;;;;;
DATAFLOW;LU1:DF_B2307(1.0);Table de mortalité détaillée;I;C04;Espérance de vie (Ex);B01;Hommes;SL062;61;A;Annuelle;2023;;22.727376247446;;;;0;Zéro;;;Y01;L’année affichée correspond au milieu de la période d’observation de trois années (par exemple 2020 correspond aux années 2019-2021).;C04;Définitions: Espérance de vie. Données révisées pour les années 2005 - 2015;;;;;;;;;;
DATAFLOW;LU1:DF_B2307(1.0);Table de mortalité détaillée;I;C04;Espérance de vie (Ex);B01;Hommes;SL089;88;A;Annuelle;2023;;4.9478096157335;;;;0;Zéro;;;Y01;L’année affichée correspond au milieu de la période d’observation de trois années (par exemple 2020 correspond aux années 2019-2021).;C04;Définitions: Espérance de vie. Données révisées pour les années 2005 - 2015;;;;;;;;;;
DATAFLOW;LU1:DF_B2307(1.0);Table de mortalité détaillée;I;C04;Espérance de vie (Ex);B02;Femmes;SL003;2;A;Annuelle;2023;;83.3983066444591;;;;0;Zéro;;;Y01;L’année affichée correspond au milieu de la période d’observation de trois années (par exemple 2020 correspond aux années 2019-2021).;C04;Définitions: Espérance de vie. Données révisées pour les années 2005 - 2015;;;;;;;;;;
DATAFLOW;LU1:DF_B2307(1.0);Table de mortalité détaillée;I;C04;Espérance de vie (Ex);B02;Femmes;SL030;29;A;Annuelle;2023;;56.5652279959039;;;;0;Zéro;;;Y01;L’année affichée correspond au milieu de la période d’observation de trois années (par exemple 2020 correspond aux années 2019-2021).;C04;Définitions: Espérance de vie. Données révisées pour les années 2005 - 2015;;;;;;;;;;
DATAFLOW;LU1:DF_B2307(1.0);Table de mortalité détaillée;I;C04;Espérance de vie (Ex);B02;Femmes;SL031;30;A;Annuelle;2023;;55.5761878684474;;;;0;Zéro;;;Y01;L’année affichée correspond au milieu de la période d’observation de trois années (par exemple 2020 correspond aux années 2019-2021).;C04;Définitions: Espérance de vie. Données révisées pour les années 2005 - 2015;;;;;;;;;;
DATAFLOW;LU1:DF_B2307(1.0);Table de mortalité détaillée;I;C04;Espérance de vie (Ex);B02;Femmes;SL058;57;A;Annuelle;2023;;29.4417908368261;;;;0;Zéro;;;Y01;L’année affichée correspond au milieu de la période d’observation de trois années (par exemple 2020 correspond aux années 2019-2021).;C04;Définitions: Espérance de vie. Données révisées pour les années 2005 - 2015;;;;;;;;;;
DATAFLOW;LU1:DF_B2307(1.0);Table de mortalité détaillée;I;C04;Espérance de vie (Ex);B02;Femmes;SL072;71;A;Annuelle;2023;;17.2207876151999;;;;0;Zéro;;;Y01;L’année affichée correspond au milieu de la période d’observation de trois années (par exemple 2020 correspond aux années 2019-2021).;C04;Définitions: Espérance de vie. Données révisées pour les années 2005 - 2015;;;;;;;;;;
DATAFLOW;LU1:DF_B2307(1.0);Table de mortalité détaillée;I;C04;Espérance de vie (Ex);B02;Femmes;SL086;85;A;Annuelle;2023;;7.16263039353408;;;;0;Zéro;;;Y01;L’année affichée correspond au milieu de la période d’observation de trois années (par exemple 2020 correspond aux années 2019-2021).;C04;Définitions: Espérance de vie. Données révisées pour les années 2005 - 2015;;;;;;;;;;
